TMC,County,District
110+04121,FAIRFAX,Northern Virginia
110+04122,FAIRFAX,Northern Virginia
110+04123,ALEXANDRIA (CITY),Northern Virginia
110+04124,ALEXANDRIA (CITY),Northern Virginia
110+04125,ARLINGTON,Northern Virginia
110+04126,ARLINGTON,Northern Virginia
110+04127,ARLINGTON,Northern Virginia
110+04128,ARLINGTON,Northern Virginia
110+04129,ARLINGTON,Northern Virginia
110+04130,ARLINGTON,Northern Virginia
110+04143,STAFFORD,Fredericksburg
110+04144,STAFFORD,Fredericksburg
110+04145,STAFFORD,Fredericksburg
110+04146,STAFFORD,Fredericksburg
110+04147,PRINCE WILLIAM,Northern Virginia
110+04148,PRINCE WILLIAM,Northern Virginia
110+04149,PRINCE WILLIAM,Northern Virginia
110+04150,PRINCE WILLIAM,Northern Virginia
110+04151,PRINCE WILLIAM,Northern Virginia
110+04152,PRINCE WILLIAM,Northern Virginia
110+04153,FAIRFAX,Northern Virginia
110+04154,FAIRFAX,Northern Virginia
110+04155,FAIRFAX,Northern Virginia
110+04156,FAIRFAX,Northern Virginia
110+04157,FAIRFAX,Northern Virginia
110+04158,FAIRFAX,Northern Virginia
110+04159,FAIRFAX,Northern Virginia
110+04163,ARLINGTON,Northern Virginia
110+04164,ARLINGTON,Northern Virginia
110+04165,ARLINGTON,Northern Virginia
110+04166,ARLINGTON,Northern Virginia
110+04167,ARLINGTON,Northern Virginia
110+04168,ARLINGTON,Northern Virginia
110+04169,ARLINGTON,Northern Virginia
110+04170,ARLINGTON,Northern Virginia
110+04172,ARLINGTON,Northern Virginia
110+04173,FAIRFAX,Northern Virginia
110+04174,FAIRFAX,Northern Virginia
110+04175,FAIRFAX,Northern Virginia
110+04176,FAIRFAX,Northern Virginia
110+04177,FAIRFAX,Northern Virginia
110+04178,FAIRFAX,Northern Virginia
110+04179,FAIRFAX,Northern Virginia
110+04180,FAIRFAX,Northern Virginia
110+04181,FAIRFAX,Northern Virginia
110+04182,FAIRFAX,Northern Virginia
110+04183,FAIRFAX,Northern Virginia
110+04184,FAIRFAX,Northern Virginia
110+04185,PRINCE WILLIAM,Northern Virginia
110+04186,PRINCE WILLIAM,Northern Virginia
110+04187,PRINCE WILLIAM,Northern Virginia
110+04188,FAUQUIER,Culpeper
110+04189,FAUQUIER,Culpeper
110+04190,FAUQUIER,Culpeper
110+04191,FAUQUIER,Culpeper
110+04192,FAUQUIER,Culpeper
110+04193,FAUQUIER,Culpeper
110+04194,FAUQUIER,Culpeper
110+04603,FAIRFAX,Northern Virginia
110+04604,FAIRFAX,Northern Virginia
110+04605,FAIRFAX,Northern Virginia
110+04606,FAIRFAX,Northern Virginia
110+04607,FAIRFAX,Northern Virginia
110+04608,FAIRFAX,Northern Virginia
110+04609,FAIRFAX,Northern Virginia
110+04610,FAIRFAX,Northern Virginia
110+04611,FAIRFAX,Northern Virginia
110+04612,FAIRFAX,Northern Virginia
110+04613,FAIRFAX,Northern Virginia
110+04614,FAIRFAX,Northern Virginia
110+04645,ALEXANDRIA (CITY),Northern Virginia
110+04646,FAIRFAX,Northern Virginia
110+04647,FAIRFAX,Northern Virginia
110+04648,FAIRFAX,Northern Virginia
110+04670,ARLINGTON,Northern Virginia
110+04681,FREDERICK,Staunton
110+04682,FREDERICK,Staunton
110+04683,FREDERICK,Staunton
110+04684,FREDERICK,Staunton
110+04686,CHESAPEAKE (CITY),Hampton Roads
110+04687,PORTSMOUTH (CITY),Hampton Roads
110+04688,PORTSMOUTH (CITY),Hampton Roads
110+04689,PORTSMOUTH (CITY),Hampton Roads
110+04690,PORTSMOUTH (CITY),Hampton Roads
110+04691,PORTSMOUTH (CITY),Hampton Roads
110+04692,PORTSMOUTH (CITY),Hampton Roads
110+04693,PORTSMOUTH (CITY),Hampton Roads
110+04694,NORFOLK (CITY),Hampton Roads
110+04695,NORFOLK (CITY),Hampton Roads
110+04696,NORFOLK (CITY),Hampton Roads
110+04697,NORFOLK (CITY),Hampton Roads
110+04698,NORFOLK (CITY),Hampton Roads
110+04699,NORFOLK (CITY),Hampton Roads
110+04700,NORFOLK (CITY),Hampton Roads
110+04701,NORFOLK (CITY),Hampton Roads
110+04702,NORFOLK (CITY),Hampton Roads
110+04703,NORFOLK (CITY),Hampton Roads
110+04704,VIRGINIA BEACH (CITY),Hampton Roads
110+04705,VIRGINIA BEACH (CITY),Hampton Roads
110+04706,VIRGINIA BEACH (CITY),Hampton Roads
110+04707,VIRGINIA BEACH (CITY),Hampton Roads
110+04708,VIRGINIA BEACH (CITY),Hampton Roads
110+04709,VIRGINIA BEACH (CITY),Hampton Roads
110+04710,VIRGINIA BEACH (CITY),Hampton Roads
110+04711,VIRGINIA BEACH (CITY),Hampton Roads
110+04728,CHESAPEAKE (CITY),Hampton Roads
110+04729,CHESAPEAKE (CITY),Hampton Roads
110+04730,CHESAPEAKE (CITY),Hampton Roads
110+04731,CHESAPEAKE (CITY),Hampton Roads
110+04732,CHESAPEAKE (CITY),Hampton Roads
110+04733,SUFFOLK (CITY),Hampton Roads
110+04734,SUFFOLK (CITY),Hampton Roads
110+04735,SUFFOLK (CITY),Hampton Roads
110+04736,SUFFOLK (CITY),Hampton Roads
110+04737,NEWPORT NEWS (CITY),Hampton Roads
110+04738,NEWPORT NEWS (CITY),Hampton Roads
110+04739,NEWPORT NEWS (CITY),Hampton Roads
110+04740,NEWPORT NEWS (CITY),Hampton Roads
110+04741,NEWPORT NEWS (CITY),Hampton Roads
110+04742,HAMPTON (CITY),Hampton Roads
110+04743,HAMPTON (CITY),Hampton Roads
110+04744,HAMPTON (CITY),Hampton Roads
110+04770,PRINCE GEORGE,Richmond
110+04771,PRINCE GEORGE,Richmond
110+04772,CHESTERFIELD,Richmond
110+04773,HENRICO,Richmond
110+04774,HENRICO,Richmond
110+04775,HENRICO,Richmond
110+04776,HENRICO,Richmond
110+04777,HENRICO,Richmond
110+04785,RICHMOND (CITY),Richmond
110+04786,HENRICO,Richmond
110+04787,HENRICO,Richmond
110+04788,HENRICO,Richmond
110+04789,HENRICO,Richmond
110+04790,HENRICO,Richmond
110+04792,RICHMOND (CITY),Richmond
110+04793,RICHMOND (CITY),Richmond
110+04794,RICHMOND (CITY),Richmond
110+04795,RICHMOND (CITY),Richmond
110+04796,RICHMOND (CITY),Richmond
110+04798,PRINCE GEORGE,Richmond
110+04799,PRINCE GEORGE,Richmond
110+04800,PRINCE GEORGE,Richmond
110+04801,PRINCE GEORGE,Richmond
110+04803,PETERSBURG (CITY),Richmond
110+04804,PETERSBURG (CITY),Richmond
110+04805,PETERSBURG (CITY),Richmond
110+04806,PETERSBURG (CITY),Richmond
110+04807,PETERSBURG (CITY),Richmond
110+04808,PETERSBURG (CITY),Richmond
110+04809,PETERSBURG (CITY),Richmond
110+04810,COLONIAL HEIGHTS (CITY),Richmond
110+04811,COLONIAL HEIGHTS (CITY),Richmond
110+04812,CHESTERFIELD,Richmond
110+04813,CHESTERFIELD,Richmond
110+04814,CHESTERFIELD,Richmond
110+04815,CHESTERFIELD,Richmond
110+04816,RICHMOND (CITY),Richmond
110+04817,RICHMOND (CITY),Richmond
110+04818,RICHMOND (CITY),Richmond
110+04819,RICHMOND (CITY),Richmond
110+04820,RICHMOND (CITY),Richmond
110+04821,RICHMOND (CITY),Richmond
110+04823,NORFOLK (CITY),Hampton Roads
110+04824,NORFOLK (CITY),Hampton Roads
110+04825,NORFOLK (CITY),Hampton Roads
110+04827,PETERSBURG (CITY),Richmond
110+04828,PETERSBURG (CITY),Richmond
110+04847,RICHMOND (CITY),Richmond
110+04848,RICHMOND (CITY),Richmond
110+04849,RICHMOND (CITY),Richmond
110+04850,RICHMOND (CITY),Richmond
110+04851,RICHMOND (CITY),Richmond
110+04852,HENRICO,Richmond
110+04855,CHESAPEAKE (CITY),Hampton Roads
110+04856,CHESAPEAKE (CITY),Hampton Roads
110+04857,CHESAPEAKE (CITY),Hampton Roads
110+04858,CHESAPEAKE (CITY),Hampton Roads
110+04859,CHESAPEAKE (CITY),Hampton Roads
110+04860,CHESAPEAKE (CITY),Hampton Roads
110+04861,VIRGINIA BEACH (CITY),Hampton Roads
110+04862,VIRGINIA BEACH (CITY),Hampton Roads
110+04863,NORFOLK (CITY),Hampton Roads
110+04864,NORFOLK (CITY),Hampton Roads
110+04865,NORFOLK (CITY),Hampton Roads
110+04866,NORFOLK (CITY),Hampton Roads
110+04867,NORFOLK (CITY),Hampton Roads
110+04868,NORFOLK (CITY),Hampton Roads
110+04869,NORFOLK (CITY),Hampton Roads
110+04870,NORFOLK (CITY),Hampton Roads
110+04871,NORFOLK (CITY),Hampton Roads
110+04872,NORFOLK (CITY),Hampton Roads
110+04873,NORFOLK (CITY),Hampton Roads
110+04874,NORFOLK (CITY),Hampton Roads
110+04875,NORFOLK (CITY),Hampton Roads
110+04876,HAMPTON (CITY),Hampton Roads
110+04877,HAMPTON (CITY),Hampton Roads
110+04878,HAMPTON (CITY),Hampton Roads
110+04879,HAMPTON (CITY),Hampton Roads
110+04880,HAMPTON (CITY),Hampton Roads
110+04881,HAMPTON (CITY),Hampton Roads
110+04882,HAMPTON (CITY),Hampton Roads
110+04883,HAMPTON (CITY),Hampton Roads
110+04884,HAMPTON (CITY),Hampton Roads
110+04885,HAMPTON (CITY),Hampton Roads
110+04886,HAMPTON (CITY),Hampton Roads
110+04887,HAMPTON (CITY),Hampton Roads
110+04888,NEWPORT NEWS (CITY),Hampton Roads
110+04889,NEWPORT NEWS (CITY),Hampton Roads
110+04890,NEWPORT NEWS (CITY),Hampton Roads
110+04891,NEWPORT NEWS (CITY),Hampton Roads
110+04892,NEWPORT NEWS (CITY),Hampton Roads
110+04893,JAMES CITY,Hampton Roads
110+04894,YORK,Hampton Roads
110+04895,YORK,Hampton Roads
110+04896,YORK,Hampton Roads
110+04897,JAMES CITY,Hampton Roads
110+04898,JAMES CITY,Hampton Roads
110+04899,NEW KENT,Richmond
110+04900,NEW KENT,Richmond
110+04901,NEW KENT,Richmond
110+04902,NEW KENT,Richmond
110+04903,HENRICO,Richmond
110+04904,HENRICO,Richmond
110+04905,HENRICO,Richmond
110+04906,HENRICO,Richmond
110+04907,HENRICO,Richmond
110+04908,RICHMOND (CITY),Richmond
110+04911,CHESAPEAKE (CITY),Hampton Roads
110+04912,CHESAPEAKE (CITY),Hampton Roads
110+04913,CHESAPEAKE (CITY),Hampton Roads
110+04914,CHESAPEAKE (CITY),Hampton Roads
110+04915,NORFOLK (CITY),Hampton Roads
110+04925,SPOTSYLVANIA,Fredericksburg
110+04926,SPOTSYLVANIA,Fredericksburg
110+04927,FREDERICKSBURG (CITY),Fredericksburg
110+04944,HENRICO,Richmond
110+04945,HENRICO,Richmond
110+04946,HENRICO,Richmond
110+04947,HENRICO,Richmond
110+04948,HENRICO,Richmond
110+04949,HENRICO,Richmond
110+04950,HENRICO,Richmond
110+04951,HENRICO,Richmond
110+04952,HENRICO,Richmond
110+04953,HANOVER,Richmond
110+04955,HENRICO,Richmond
110+04956,HENRICO,Richmond
110+04957,HENRICO,Richmond
110+04958,HENRICO,Richmond
110+04959,HENRICO,Richmond
110+05007,MONTGOMERY,Salem
110+05008,ROANOKE,Salem
110+05009,ROANOKE,Salem
110+05010,ROANOKE,Salem
110+05011,ROANOKE,Salem
110+05012,ROANOKE,Salem
110+05018,ROANOKE (CITY),Salem
110+05019,ROANOKE (CITY),Salem
110+05020,ROANOKE (CITY),Salem
110+05021,ROANOKE (CITY),Salem
110+05022,ROANOKE (CITY),Salem
110+05023,ROANOKE,Salem
110+05354,AUGUSTA,Staunton
110+05355,STAUNTON (CITY),Staunton
110+05356,AUGUSTA,Staunton
110+05357,AUGUSTA,Staunton
110+05358,ROCKINGHAM,Staunton
110+05359,ROCKINGHAM,Staunton
110+05360,HARRISONBURG (CITY),Staunton
110+05361,HARRISONBURG (CITY),Staunton
110+05362,ROCKINGHAM,Staunton
110+05363,ROCKINGHAM,Staunton
110+05364,ROCKINGHAM,Staunton
110+05365,SHENANDOAH,Staunton
110+05366,SHENANDOAH,Staunton
110+05367,SHENANDOAH,Staunton
110+05368,SHENANDOAH,Staunton
110+05369,SHENANDOAH,Staunton
110+05370,SHENANDOAH,Staunton
110+05371,SHENANDOAH,Staunton
110+05372,SHENANDOAH,Staunton
110+05373,WARREN,Staunton
110+05374,FREDERICK,Staunton
110+05375,FREDERICK,Staunton
110+05376,FREDERICK,Staunton
110+05377,FREDERICK,Staunton
110+05378,FREDERICK,Staunton
110+05379,HANOVER,Richmond
110+05380,HANOVER,Richmond
110+05381,HANOVER,Richmond
110+05382,CAROLINE,Fredericksburg
110+05383,CAROLINE,Fredericksburg
110+05384,CAROLINE,Fredericksburg
110+05390,SPOTSYLVANIA,Fredericksburg
110+05392,WYTHE,Bristol
110+05393,WYTHE,Bristol
110+05394,PULASKI,Salem
110+05395,PULASKI,Salem
110+05396,PULASKI,Salem
110+05397,PULASKI,Salem
110+05398,PULASKI,Salem
110+05399,PULASKI,Salem
110+05400,MONTGOMERY,Salem
110+05401,MONTGOMERY,Salem
110+05402,MONTGOMERY,Salem
110+05403,MONTGOMERY,Salem
110+05404,MONTGOMERY,Salem
110+05405,BOTETOURT,Salem
110+05406,BOTETOURT,Salem
110+05407,BOTETOURT,Salem
110+05408,BOTETOURT,Salem
110+05409,BOTETOURT,Salem
110+05410,BOTETOURT,Salem
110+05411,ROCKBRIDGE,Staunton
110+05412,ROCKBRIDGE,Staunton
110+05413,ROCKBRIDGE,Staunton
110+05415,GREENSVILLE,Hampton Roads
110+05416,GREENSVILLE,Hampton Roads
110+05417,EMPORIA (CITY),Hampton Roads
110+05418,EMPORIA (CITY),Hampton Roads
110+05419,GREENSVILLE,Hampton Roads
110+05420,GREENSVILLE,Hampton Roads
110+05421,SUSSEX,Hampton Roads
110+05422,SUSSEX,Hampton Roads
110+05423,SUSSEX,Hampton Roads
110+05424,SUSSEX,Hampton Roads
110+05425,SUSSEX,Hampton Roads
110+05427,MECKLENBURG,Richmond
110+05428,MECKLENBURG,Richmond
110+05429,MECKLENBURG,Richmond
110+05430,MECKLENBURG,Richmond
110+05431,BRUNSWICK,Richmond
110+05432,BRUNSWICK,Richmond
110+05433,BRUNSWICK,Richmond
110+05434,BRUNSWICK,Richmond
110+05435,BRUNSWICK,Richmond
110+05436,DINWIDDIE,Richmond
110+05437,DINWIDDIE,Richmond
110+05438,DINWIDDIE,Richmond
110+05439,DINWIDDIE,Richmond
110+05440,DINWIDDIE,Richmond
110+05441,DINWIDDIE,Richmond
110+05443,GOOCHLAND,Richmond
110+05444,GOOCHLAND,Richmond
110+05445,GOOCHLAND,Richmond
110+05446,GOOCHLAND,Richmond
110+05447,GOOCHLAND,Richmond
110+05448,LOUISA,Culpeper
110+05449,LOUISA,Culpeper
110+05450,LOUISA,Culpeper
110+05451,ALBEMARLE,Culpeper
110+05452,ALBEMARLE,Culpeper
110+05453,ALBEMARLE,Culpeper
110+05454,ALBEMARLE,Culpeper
110+05455,ALBEMARLE,Culpeper
110+05456,ALBEMARLE,Culpeper
110+05457,ALBEMARLE,Culpeper
110+05458,AUGUSTA,Staunton
110+05459,WAYNESBORO (CITY),Staunton
110+05460,AUGUSTA,Staunton
110+05461,AUGUSTA,Staunton
110+05463,BRISTOL (CITY),Bristol
110+05464,BRISTOL (CITY),Bristol
110+05465,BRISTOL (CITY),Bristol
110+05466,BRISTOL (CITY),Bristol
110+05467,WASHINGTON,Bristol
110+05468,WASHINGTON,Bristol
110+05469,WASHINGTON,Bristol
110+05470,WASHINGTON,Bristol
110+05471,WASHINGTON,Bristol
110+05472,WASHINGTON,Bristol
110+05473,WASHINGTON,Bristol
110+05474,WASHINGTON,Bristol
110+05475,WASHINGTON,Bristol
110+05476,WASHINGTON,Bristol
110+05477,WASHINGTON,Bristol
110+05478,SMYTH,Bristol
110+05479,SMYTH,Bristol
110+05480,SMYTH,Bristol
110+05481,SMYTH,Bristol
110+05482,SMYTH,Bristol
110+05483,SMYTH,Bristol
110+05484,SMYTH,Bristol
110+05485,WYTHE,Bristol
110+05486,WYTHE,Bristol
110+05487,WYTHE,Bristol
110+05488,WYTHE,Bristol
110+05490,WYTHE,Bristol
110+05491,WYTHE,Bristol
110+05492,WYTHE,Bristol
110+05493,WYTHE,Bristol
110+05495,ROCKBRIDGE,Staunton
110+05496,ROCKBRIDGE,Staunton
110+05497,ROCKBRIDGE,Staunton
110+05498,AUGUSTA,Staunton
110+05499,AUGUSTA,Staunton
110+05500,AUGUSTA,Staunton
110+05501,AUGUSTA,Staunton
110+05503,WARREN,Staunton
110+05504,WARREN,Staunton
110+05505,WARREN,Staunton
110+05507,WYTHE,Bristol
110+05508,WYTHE,Bristol
110+05509,WYTHE,Bristol
110+05510,BLAND,Bristol
110+05511,BLAND,Bristol
110+05512,BLAND,Bristol
110+05513,BLAND,Bristol
110+05514,BLAND,Bristol
110+05515,BLAND,Bristol
110+05517,CARROLL,Salem
110+05518,CARROLL,Salem
110+05519,CARROLL,Salem
110+05520,CARROLL,Salem
110+05521,CARROLL,Salem
110+05522,WYTHE,Bristol
110+05529,ALLEGHANY,Staunton
110+05530,ALLEGHANY,Staunton
110+05531,ALLEGHANY,Staunton
110+05532,ALLEGHANY,Staunton
110+05533,COVINGTON (CITY),Staunton
110+05534,ALLEGHANY,Staunton
110+05535,ALLEGHANY,Staunton
110+05536,ALLEGHANY,Staunton
110+05537,ALLEGHANY,Staunton
110+05538,ALLEGHANY,Staunton
110+05539,ALLEGHANY,Staunton
110+05540,ROCKBRIDGE,Staunton
110+05541,ROCKBRIDGE,Staunton
110+05542,ROCKBRIDGE,Staunton
110+09220,BRISTOL (CITY),Bristol
110+10918,HANOVER,Richmond
110+10919,HANOVER,Richmond
110+10920,HANOVER,Richmond
110+10921,HANOVER,Richmond
110+15859,HENRICO,Richmond
110+16029,PRINCE GEORGE,Richmond
110+16072,NORFOLK (CITY),Hampton Roads
110-04120,FAIRFAX,Northern Virginia
110-04121,FAIRFAX,Northern Virginia
110-04122,ALEXANDRIA (CITY),Northern Virginia
110-04123,ALEXANDRIA (CITY),Northern Virginia
110-04124,ARLINGTON,Northern Virginia
110-04125,ARLINGTON,Northern Virginia
110-04126,ARLINGTON,Northern Virginia
110-04127,ARLINGTON,Northern Virginia
110-04128,ARLINGTON,Northern Virginia
110-04142,STAFFORD,Fredericksburg
110-04143,STAFFORD,Fredericksburg
110-04144,STAFFORD,Fredericksburg
110-04145,STAFFORD,Fredericksburg
110-04146,PRINCE WILLIAM,Northern Virginia
110-04147,PRINCE WILLIAM,Northern Virginia
110-04148,PRINCE WILLIAM,Northern Virginia
110-04149,PRINCE WILLIAM,Northern Virginia
110-04150,PRINCE WILLIAM,Northern Virginia
110-04151,PRINCE WILLIAM,Northern Virginia
110-04152,FAIRFAX,Northern Virginia
110-04153,FAIRFAX,Northern Virginia
110-04154,FAIRFAX,Northern Virginia
110-04156,FAIRFAX,Northern Virginia
110-04158,FAIRFAX,Northern Virginia
110-04162,ARLINGTON,Northern Virginia
110-04163,ARLINGTON,Northern Virginia
110-04164,ARLINGTON,Northern Virginia
110-04165,ARLINGTON,Northern Virginia
110-04166,ARLINGTON,Northern Virginia
110-04167,ARLINGTON,Northern Virginia
110-04168,ARLINGTON,Northern Virginia
110-04169,ARLINGTON,Northern Virginia
110-04170,ARLINGTON,Northern Virginia
110-04171,ARLINGTON,Northern Virginia
110-04172,FAIRFAX,Northern Virginia
110-04173,FAIRFAX,Northern Virginia
110-04174,FAIRFAX,Northern Virginia
110-04175,FAIRFAX,Northern Virginia
110-04176,FAIRFAX,Northern Virginia
110-04177,FAIRFAX,Northern Virginia
110-04178,FAIRFAX,Northern Virginia
110-04179,FAIRFAX,Northern Virginia
110-04180,FAIRFAX,Northern Virginia
110-04181,FAIRFAX,Northern Virginia
110-04182,FAIRFAX,Northern Virginia
110-04183,FAIRFAX,Northern Virginia
110-04184,PRINCE WILLIAM,Northern Virginia
110-04185,PRINCE WILLIAM,Northern Virginia
110-04186,PRINCE WILLIAM,Northern Virginia
110-04187,FAUQUIER,Culpeper
110-04188,FAUQUIER,Culpeper
110-04189,FAUQUIER,Culpeper
110-04190,FAUQUIER,Culpeper
110-04191,FAUQUIER,Culpeper
110-04192,FAUQUIER,Culpeper
110-04193,FAUQUIER,Culpeper
110-04603,FAIRFAX,Northern Virginia
110-04604,FAIRFAX,Northern Virginia
110-04605,FAIRFAX,Northern Virginia
110-04606,FAIRFAX,Northern Virginia
110-04607,FAIRFAX,Northern Virginia
110-04608,FAIRFAX,Northern Virginia
110-04609,FAIRFAX,Northern Virginia
110-04610,FAIRFAX,Northern Virginia
110-04611,FAIRFAX,Northern Virginia
110-04612,FAIRFAX,Northern Virginia
110-04613,FAIRFAX,Northern Virginia
110-04644,ALEXANDRIA (CITY),Northern Virginia
110-04645,FAIRFAX,Northern Virginia
110-04646,FAIRFAX,Northern Virginia
110-04647,FAIRFAX,Northern Virginia
110-04648,FAIRFAX,Northern Virginia
110-04670,ARLINGTON,Northern Virginia
110-04681,WINCHESTER (CITY),Staunton
110-04682,WINCHESTER (CITY),Staunton
110-04683,FREDERICK,Staunton
110-04684,FREDERICK,Staunton
110-04685,CHESAPEAKE (CITY),Hampton Roads
110-04686,PORTSMOUTH (CITY),Hampton Roads
110-04687,PORTSMOUTH (CITY),Hampton Roads
110-04688,PORTSMOUTH (CITY),Hampton Roads
110-04689,PORTSMOUTH (CITY),Hampton Roads
110-04690,PORTSMOUTH (CITY),Hampton Roads
110-04691,PORTSMOUTH (CITY),Hampton Roads
110-04692,PORTSMOUTH (CITY),Hampton Roads
110-04693,NORFOLK (CITY),Hampton Roads
110-04694,NORFOLK (CITY),Hampton Roads
110-04697,NORFOLK (CITY),Hampton Roads
110-04698,NORFOLK (CITY),Hampton Roads
110-04699,NORFOLK (CITY),Hampton Roads
110-04700,NORFOLK (CITY),Hampton Roads
110-04701,NORFOLK (CITY),Hampton Roads
110-04702,NORFOLK (CITY),Hampton Roads
110-04703,VIRGINIA BEACH (CITY),Hampton Roads
110-04704,VIRGINIA BEACH (CITY),Hampton Roads
110-04705,VIRGINIA BEACH (CITY),Hampton Roads
110-04706,VIRGINIA BEACH (CITY),Hampton Roads
110-04707,VIRGINIA BEACH (CITY),Hampton Roads
110-04708,VIRGINIA BEACH (CITY),Hampton Roads
110-04709,VIRGINIA BEACH (CITY),Hampton Roads
110-04727,CHESAPEAKE (CITY),Hampton Roads
110-04728,CHESAPEAKE (CITY),Hampton Roads
110-04729,CHESAPEAKE (CITY),Hampton Roads
110-04730,CHESAPEAKE (CITY),Hampton Roads
110-04731,CHESAPEAKE (CITY),Hampton Roads
110-04732,SUFFOLK (CITY),Hampton Roads
110-04733,SUFFOLK (CITY),Hampton Roads
110-04734,SUFFOLK (CITY),Hampton Roads
110-04735,SUFFOLK (CITY),Hampton Roads
110-04736,NEWPORT NEWS (CITY),Hampton Roads
110-04738,NEWPORT NEWS (CITY),Hampton Roads
110-04739,NEWPORT NEWS (CITY),Hampton Roads
110-04740,NEWPORT NEWS (CITY),Hampton Roads
110-04741,HAMPTON (CITY),Hampton Roads
110-04742,HAMPTON (CITY),Hampton Roads
110-04743,HAMPTON (CITY),Hampton Roads
110-04769,PRINCE GEORGE,Richmond
110-04770,PRINCE GEORGE,Richmond
110-04771,PRINCE GEORGE,Richmond
110-04772,HENRICO,Richmond
110-04773,HENRICO,Richmond
110-04774,HENRICO,Richmond
110-04775,HENRICO,Richmond
110-04776,HENRICO,Richmond
110-04777,HANOVER,Richmond
110-04784,RICHMOND (CITY),Richmond
110-04785,HENRICO,Richmond
110-04786,HENRICO,Richmond
110-04787,HENRICO,Richmond
110-04788,HENRICO,Richmond
110-04789,HENRICO,Richmond
110-04790,HANOVER,Richmond
110-04791,RICHMOND (CITY),Richmond
110-04792,RICHMOND (CITY),Richmond
110-04793,RICHMOND (CITY),Richmond
110-04794,RICHMOND (CITY),Richmond
110-04795,RICHMOND (CITY),Richmond
110-04797,PRINCE GEORGE,Richmond
110-04798,PRINCE GEORGE,Richmond
110-04799,PRINCE GEORGE,Richmond
110-04800,PRINCE GEORGE,Richmond
110-04801,PRINCE GEORGE,Richmond
110-04802,PETERSBURG (CITY),Richmond
110-04803,PETERSBURG (CITY),Richmond
110-04804,PETERSBURG (CITY),Richmond
110-04805,PETERSBURG (CITY),Richmond
110-04806,PETERSBURG (CITY),Richmond
110-04807,PETERSBURG (CITY),Richmond
110-04808,PETERSBURG (CITY),Richmond
110-04809,COLONIAL HEIGHTS (CITY),Richmond
110-04810,COLONIAL HEIGHTS (CITY),Richmond
110-04811,CHESTERFIELD,Richmond
110-04812,CHESTERFIELD,Richmond
110-04813,CHESTERFIELD,Richmond
110-04814,CHESTERFIELD,Richmond
110-04815,RICHMOND (CITY),Richmond
110-04816,RICHMOND (CITY),Richmond
110-04817,RICHMOND (CITY),Richmond
110-04818,RICHMOND (CITY),Richmond
110-04819,RICHMOND (CITY),Richmond
110-04820,RICHMOND (CITY),Richmond
110-04822,NORFOLK (CITY),Hampton Roads
110-04823,NORFOLK (CITY),Hampton Roads
110-04824,NORFOLK (CITY),Hampton Roads
110-04826,PETERSBURG (CITY),Richmond
110-04827,PETERSBURG (CITY),Richmond
110-04846,RICHMOND (CITY),Richmond
110-04847,RICHMOND (CITY),Richmond
110-04848,RICHMOND (CITY),Richmond
110-04849,RICHMOND (CITY),Richmond
110-04850,RICHMOND (CITY),Richmond
110-04851,HENRICO,Richmond
110-04854,CHESAPEAKE (CITY),Hampton Roads
110-04855,CHESAPEAKE (CITY),Hampton Roads
110-04858,CHESAPEAKE (CITY),Hampton Roads
110-04859,CHESAPEAKE (CITY),Hampton Roads
110-04860,VIRGINIA BEACH (CITY),Hampton Roads
110-04861,VIRGINIA BEACH (CITY),Hampton Roads
110-04862,NORFOLK (CITY),Hampton Roads
110-04863,NORFOLK (CITY),Hampton Roads
110-04864,NORFOLK (CITY),Hampton Roads
110-04865,NORFOLK (CITY),Hampton Roads
110-04866,NORFOLK (CITY),Hampton Roads
110-04867,NORFOLK (CITY),Hampton Roads
110-04868,NORFOLK (CITY),Hampton Roads
110-04869,NORFOLK (CITY),Hampton Roads
110-04870,NORFOLK (CITY),Hampton Roads
110-04871,NORFOLK (CITY),Hampton Roads
110-04872,NORFOLK (CITY),Hampton Roads
110-04873,NORFOLK (CITY),Hampton Roads
110-04874,NORFOLK (CITY),Hampton Roads
110-04875,HAMPTON (CITY),Hampton Roads
110-04876,HAMPTON (CITY),Hampton Roads
110-04877,HAMPTON (CITY),Hampton Roads
110-04878,HAMPTON (CITY),Hampton Roads
110-04879,HAMPTON (CITY),Hampton Roads
110-04880,HAMPTON (CITY),Hampton Roads
110-04881,HAMPTON (CITY),Hampton Roads
110-04882,HAMPTON (CITY),Hampton Roads
110-04883,HAMPTON (CITY),Hampton Roads
110-04884,HAMPTON (CITY),Hampton Roads
110-04885,HAMPTON (CITY),Hampton Roads
110-04886,HAMPTON (CITY),Hampton Roads
110-04887,NEWPORT NEWS (CITY),Hampton Roads
110-04888,NEWPORT NEWS (CITY),Hampton Roads
110-04889,NEWPORT NEWS (CITY),Hampton Roads
110-04890,NEWPORT NEWS (CITY),Hampton Roads
110-04891,NEWPORT NEWS (CITY),Hampton Roads
110-04892,JAMES CITY,Hampton Roads
110-04893,YORK,Hampton Roads
110-04894,YORK,Hampton Roads
110-04895,YORK,Hampton Roads
110-04896,JAMES CITY,Hampton Roads
110-04897,JAMES CITY,Hampton Roads
110-04898,NEW KENT,Richmond
110-04899,NEW KENT,Richmond
110-04900,NEW KENT,Richmond
110-04901,NEW KENT,Richmond
110-04902,HENRICO,Richmond
110-04903,HENRICO,Richmond
110-04904,HENRICO,Richmond
110-04905,HENRICO,Richmond
110-04906,HENRICO,Richmond
110-04907,RICHMOND (CITY),Richmond
110-04910,CHESAPEAKE (CITY),Hampton Roads
110-04911,CHESAPEAKE (CITY),Hampton Roads
110-04912,CHESAPEAKE (CITY),Hampton Roads
110-04913,CHESAPEAKE (CITY),Hampton Roads
110-04914,NORFOLK (CITY),Hampton Roads
110-04925,SPOTSYLVANIA,Fredericksburg
110-04926,FREDERICKSBURG (CITY),Fredericksburg
110-04943,HENRICO,Richmond
110-04944,HENRICO,Richmond
110-04945,HENRICO,Richmond
110-04946,HENRICO,Richmond
110-04947,HENRICO,Richmond
110-04948,HENRICO,Richmond
110-04949,HENRICO,Richmond
110-04950,HENRICO,Richmond
110-04951,HENRICO,Richmond
110-04953,HENRICO,Richmond
110-04954,HENRICO,Richmond
110-04955,HENRICO,Richmond
110-04956,HENRICO,Richmond
110-04957,HENRICO,Richmond
110-04958,HENRICO,Richmond
110-05007,ROANOKE,Salem
110-05008,ROANOKE,Salem
110-05009,ROANOKE,Salem
110-05010,ROANOKE,Salem
110-05011,ROANOKE,Salem
110-05012,BOTETOURT,Salem
110-05017,ROANOKE (CITY),Salem
110-05018,ROANOKE (CITY),Salem
110-05019,ROANOKE (CITY),Salem
110-05020,ROANOKE (CITY),Salem
110-05021,ROANOKE (CITY),Salem
110-05022,ROANOKE,Salem
110-05353,STAUNTON (CITY),Staunton
110-05354,STAUNTON (CITY),Staunton
110-05355,AUGUSTA,Staunton
110-05356,AUGUSTA,Staunton
110-05357,ROCKINGHAM,Staunton
110-05358,ROCKINGHAM,Staunton
110-05359,HARRISONBURG (CITY),Staunton
110-05360,HARRISONBURG (CITY),Staunton
110-05361,ROCKINGHAM,Staunton
110-05362,ROCKINGHAM,Staunton
110-05363,ROCKINGHAM,Staunton
110-05364,SHENANDOAH,Staunton
110-05365,SHENANDOAH,Staunton
110-05366,SHENANDOAH,Staunton
110-05367,SHENANDOAH,Staunton
110-05368,SHENANDOAH,Staunton
110-05369,SHENANDOAH,Staunton
110-05370,SHENANDOAH,Staunton
110-05371,SHENANDOAH,Staunton
110-05372,WARREN,Staunton
110-05373,FREDERICK,Staunton
110-05374,FREDERICK,Staunton
110-05375,FREDERICK,Staunton
110-05376,FREDERICK,Staunton
110-05377,FREDERICK,Staunton
110-05379,HANOVER,Richmond
110-05380,HANOVER,Richmond
110-05381,CAROLINE,Fredericksburg
110-05382,CAROLINE,Fredericksburg
110-05383,CAROLINE,Fredericksburg
110-05389,SPOTSYLVANIA,Fredericksburg
110-05390,SPOTSYLVANIA,Fredericksburg
110-05391,WYTHE,Bristol
110-05392,WYTHE,Bristol
110-05393,PULASKI,Salem
110-05394,PULASKI,Salem
110-05395,PULASKI,Salem
110-05396,PULASKI,Salem
110-05397,PULASKI,Salem
110-05398,PULASKI,Salem
110-05399,MONTGOMERY,Salem
110-05400,MONTGOMERY,Salem
110-05401,MONTGOMERY,Salem
110-05402,MONTGOMERY,Salem
110-05403,MONTGOMERY,Salem
110-05404,MONTGOMERY,Salem
110-05405,BOTETOURT,Salem
110-05406,BOTETOURT,Salem
110-05407,BOTETOURT,Salem
110-05408,BOTETOURT,Salem
110-05409,BOTETOURT,Salem
110-05410,ROCKBRIDGE,Staunton
110-05411,ROCKBRIDGE,Staunton
110-05412,ROCKBRIDGE,Staunton
110-05414,GREENSVILLE,Hampton Roads
110-05415,GREENSVILLE,Hampton Roads
110-05416,GREENSVILLE,Hampton Roads
110-05417,GREENSVILLE,Hampton Roads
110-05418,GREENSVILLE,Hampton Roads
110-05419,GREENSVILLE,Hampton Roads
110-05420,SUSSEX,Hampton Roads
110-05421,SUSSEX,Hampton Roads
110-05422,SUSSEX,Hampton Roads
110-05423,SUSSEX,Hampton Roads
110-05424,SUSSEX,Hampton Roads
110-05426,MECKLENBURG,Richmond
110-05427,MECKLENBURG,Richmond
110-05428,MECKLENBURG,Richmond
110-05429,MECKLENBURG,Richmond
110-05430,BRUNSWICK,Richmond
110-05431,BRUNSWICK,Richmond
110-05432,BRUNSWICK,Richmond
110-05433,BRUNSWICK,Richmond
110-05434,BRUNSWICK,Richmond
110-05435,DINWIDDIE,Richmond
110-05436,DINWIDDIE,Richmond
110-05437,DINWIDDIE,Richmond
110-05438,DINWIDDIE,Richmond
110-05439,DINWIDDIE,Richmond
110-05440,DINWIDDIE,Richmond
110-05442,GOOCHLAND,Richmond
110-05443,GOOCHLAND,Richmond
110-05444,GOOCHLAND,Richmond
110-05445,GOOCHLAND,Richmond
110-05446,GOOCHLAND,Richmond
110-05447,LOUISA,Culpeper
110-05448,LOUISA,Culpeper
110-05449,LOUISA,Culpeper
110-05450,ALBEMARLE,Culpeper
110-05451,ALBEMARLE,Culpeper
110-05452,ALBEMARLE,Culpeper
110-05453,ALBEMARLE,Culpeper
110-05454,ALBEMARLE,Culpeper
110-05455,ALBEMARLE,Culpeper
110-05456,ALBEMARLE,Culpeper
110-05457,AUGUSTA,Staunton
110-05458,WAYNESBORO (CITY),Staunton
110-05459,AUGUSTA,Staunton
110-05460,AUGUSTA,Staunton
110-05462,WASHINGTON,Bristol
110-05463,WASHINGTON,Bristol
110-05464,BRISTOL (CITY),Bristol
110-05465,BRISTOL (CITY),Bristol
110-05466,WASHINGTON,Bristol
110-05467,WASHINGTON,Bristol
110-05468,WASHINGTON,Bristol
110-05469,WASHINGTON,Bristol
110-05470,WASHINGTON,Bristol
110-05471,WASHINGTON,Bristol
110-05472,WASHINGTON,Bristol
110-05473,WASHINGTON,Bristol
110-05474,WASHINGTON,Bristol
110-05475,WASHINGTON,Bristol
110-05476,WASHINGTON,Bristol
110-05477,SMYTH,Bristol
110-05478,SMYTH,Bristol
110-05479,SMYTH,Bristol
110-05480,SMYTH,Bristol
110-05481,SMYTH,Bristol
110-05482,SMYTH,Bristol
110-05483,SMYTH,Bristol
110-05484,WYTHE,Bristol
110-05485,WYTHE,Bristol
110-05486,WYTHE,Bristol
110-05487,WYTHE,Bristol
110-05489,WYTHE,Bristol
110-05490,WYTHE,Bristol
110-05491,WYTHE,Bristol
110-05492,WYTHE,Bristol
110-05494,ROCKBRIDGE,Staunton
110-05495,ROCKBRIDGE,Staunton
110-05496,ROCKBRIDGE,Staunton
110-05497,AUGUSTA,Staunton
110-05498,AUGUSTA,Staunton
110-05499,AUGUSTA,Staunton
110-05500,AUGUSTA,Staunton
110-05502,WARREN,Staunton
110-05503,WARREN,Staunton
110-05504,WARREN,Staunton
110-05506,WYTHE,Bristol
110-05507,WYTHE,Bristol
110-05508,WYTHE,Bristol
110-05509,BLAND,Bristol
110-05510,BLAND,Bristol
110-05511,BLAND,Bristol
110-05512,BLAND,Bristol
110-05513,BLAND,Bristol
110-05514,BLAND,Bristol
110-05516,CARROLL,Salem
110-05517,CARROLL,Salem
110-05518,CARROLL,Salem
110-05519,CARROLL,Salem
110-05520,CARROLL,Salem
110-05521,WYTHE,Bristol
110-05528,ALLEGHANY,Staunton
110-05529,ALLEGHANY,Staunton
110-05530,ALLEGHANY,Staunton
110-05531,ALLEGHANY,Staunton
110-05532,COVINGTON (CITY),Staunton
110-05533,ALLEGHANY,Staunton
110-05534,ALLEGHANY,Staunton
110-05535,ALLEGHANY,Staunton
110-05536,ALLEGHANY,Staunton
110-05537,ALLEGHANY,Staunton
110-05538,ALLEGHANY,Staunton
110-05539,ROCKBRIDGE,Staunton
110-05540,ROCKBRIDGE,Staunton
110-05541,ROCKBRIDGE,Staunton
110-09219,BRISTOL (CITY),Bristol
110-10918,HANOVER,Richmond
110-10919,HANOVER,Richmond
110-10920,HANOVER,Richmond
110-10921,HANOVER,Richmond
110-15859,HENRICO,Richmond
110-16029,CHESTERFIELD,Richmond
110-16072,NORFOLK (CITY),Hampton Roads
110N04121,FAIRFAX,Northern Virginia
110N04122,ALEXANDRIA (CITY),Northern Virginia
110N04123,ALEXANDRIA (CITY),Northern Virginia
110N04124,ALEXANDRIA (CITY),Northern Virginia
110N04125,ARLINGTON,Northern Virginia
110N04126,ARLINGTON,Northern Virginia
110N04127,ARLINGTON,Northern Virginia
110N04128,ARLINGTON,Northern Virginia
110N04129,ARLINGTON,Northern Virginia
110N04143,STAFFORD,Fredericksburg
110N04144,STAFFORD,Fredericksburg
110N04145,STAFFORD,Fredericksburg
110N04146,PRINCE WILLIAM,Northern Virginia
110N04147,PRINCE WILLIAM,Northern Virginia
110N04148,PRINCE WILLIAM,Northern Virginia
110N04149,PRINCE WILLIAM,Northern Virginia
110N04150,PRINCE WILLIAM,Northern Virginia
110N04151,PRINCE WILLIAM,Northern Virginia
110N04152,PRINCE WILLIAM,Northern Virginia
110N04153,FAIRFAX,Northern Virginia
110N04154,FAIRFAX,Northern Virginia
110N04155,FAIRFAX,Northern Virginia
110N04156,FAIRFAX,Northern Virginia
110N04163,ARLINGTON,Northern Virginia
110N04164,ARLINGTON,Northern Virginia
110N04165,ARLINGTON,Northern Virginia
110N04166,ARLINGTON,Northern Virginia
110N04167,ARLINGTON,Northern Virginia
110N04168,ARLINGTON,Northern Virginia
110N04169,ARLINGTON,Northern Virginia
110N04170,ARLINGTON,Northern Virginia
110N04171,ARLINGTON,Northern Virginia
110N04172,ARLINGTON,Northern Virginia
110N04173,FAIRFAX,Northern Virginia
110N04174,FAIRFAX,Northern Virginia
110N04175,FAIRFAX,Northern Virginia
110N04176,FAIRFAX,Northern Virginia
110N04177,FAIRFAX,Northern Virginia
110N04178,FAIRFAX,Northern Virginia
110N04179,FAIRFAX,Northern Virginia
110N04180,FAIRFAX,Northern Virginia
110N04181,FAIRFAX,Northern Virginia
110N04182,FAIRFAX,Northern Virginia
110N04183,FAIRFAX,Northern Virginia
110N04184,PRINCE WILLIAM,Northern Virginia
110N04185,PRINCE WILLIAM,Northern Virginia
110N04186,PRINCE WILLIAM,Northern Virginia
110N04187,PRINCE WILLIAM,Northern Virginia
110N04188,FAUQUIER,Culpeper
110N04189,FAUQUIER,Culpeper
110N04190,FAUQUIER,Culpeper
110N04191,FAUQUIER,Culpeper
110N04192,FAUQUIER,Culpeper
110N04193,FAUQUIER,Culpeper
110N04603,FAIRFAX,Northern Virginia
110N04604,FAIRFAX,Northern Virginia
110N04605,FAIRFAX,Northern Virginia
110N04606,FAIRFAX,Northern Virginia
110N04607,FAIRFAX,Northern Virginia
110N04608,FAIRFAX,Northern Virginia
110N04609,FAIRFAX,Northern Virginia
110N04610,FAIRFAX,Northern Virginia
110N04611,FAIRFAX,Northern Virginia
110N04612,FAIRFAX,Northern Virginia
110N04613,FAIRFAX,Northern Virginia
110N04645,ALEXANDRIA (CITY),Northern Virginia
110N04646,FAIRFAX,Northern Virginia
110N04647,FAIRFAX,Northern Virginia
110N04648,FAIRFAX,Northern Virginia
110N04670,ARLINGTON,Northern Virginia
110N04681,FREDERICK,Staunton
110N04682,WINCHESTER (CITY),Staunton
110N04683,FREDERICK,Staunton
110N04684,FREDERICK,Staunton
110N04686,PORTSMOUTH (CITY),Hampton Roads
110N04687,PORTSMOUTH (CITY),Hampton Roads
110N04688,PORTSMOUTH (CITY),Hampton Roads
110N04689,PORTSMOUTH (CITY),Hampton Roads
110N04691,PORTSMOUTH (CITY),Hampton Roads
110N04692,PORTSMOUTH (CITY),Hampton Roads
110N04693,NORFOLK (CITY),Hampton Roads
110N04694,NORFOLK (CITY),Hampton Roads
110N04698,NORFOLK (CITY),Hampton Roads
110N04699,NORFOLK (CITY),Hampton Roads
110N04700,NORFOLK (CITY),Hampton Roads
110N04701,NORFOLK (CITY),Hampton Roads
110N04702,NORFOLK (CITY),Hampton Roads
110N04703,VIRGINIA BEACH (CITY),Hampton Roads
110N04704,VIRGINIA BEACH (CITY),Hampton Roads
110N04705,VIRGINIA BEACH (CITY),Hampton Roads
110N04706,VIRGINIA BEACH (CITY),Hampton Roads
110N04707,VIRGINIA BEACH (CITY),Hampton Roads
110N04708,VIRGINIA BEACH (CITY),Hampton Roads
110N04709,VIRGINIA BEACH (CITY),Hampton Roads
110N04710,VIRGINIA BEACH (CITY),Hampton Roads
110N04728,CHESAPEAKE (CITY),Hampton Roads
110N04729,CHESAPEAKE (CITY),Hampton Roads
110N04730,CHESAPEAKE (CITY),Hampton Roads
110N04731,CHESAPEAKE (CITY),Hampton Roads
110N04732,CHESAPEAKE (CITY),Hampton Roads
110N04733,SUFFOLK (CITY),Hampton Roads
110N04734,SUFFOLK (CITY),Hampton Roads
110N04735,SUFFOLK (CITY),Hampton Roads
110N04736,NEWPORT NEWS (CITY),Hampton Roads
110N04737,NEWPORT NEWS (CITY),Hampton Roads
110N04738,NEWPORT NEWS (CITY),Hampton Roads
110N04739,NEWPORT NEWS (CITY),Hampton Roads
110N04740,NEWPORT NEWS (CITY),Hampton Roads
110N04741,NEWPORT NEWS (CITY),Hampton Roads
110N04742,HAMPTON (CITY),Hampton Roads
110N04743,HAMPTON (CITY),Hampton Roads
110N04770,PRINCE GEORGE,Richmond
110N04771,HOPEWELL (CITY),Richmond
110N04772,CHESTERFIELD,Richmond
110N04773,HENRICO,Richmond
110N04774,HENRICO,Richmond
110N04775,HENRICO,Richmond
110N04776,HENRICO,Richmond
110N04784,RICHMOND (CITY),Richmond
110N04785,RICHMOND (CITY),Richmond
110N04786,HENRICO,Richmond
110N04787,HENRICO,Richmond
110N04788,HENRICO,Richmond
110N04789,HENRICO,Richmond
110N04790,HANOVER,Richmond
110N04791,RICHMOND (CITY),Richmond
110N04792,RICHMOND (CITY),Richmond
110N04793,RICHMOND (CITY),Richmond
110N04794,RICHMOND (CITY),Richmond
110N04795,RICHMOND (CITY),Richmond
110N04798,PRINCE GEORGE,Richmond
110N04799,PRINCE GEORGE,Richmond
110N04800,PRINCE GEORGE,Richmond
110N04801,PRINCE GEORGE,Richmond
110N04803,PETERSBURG (CITY),Richmond
110N04804,PETERSBURG (CITY),Richmond
110N04805,PETERSBURG (CITY),Richmond
110N04806,PETERSBURG (CITY),Richmond
110N04807,PETERSBURG (CITY),Richmond
110N04808,PETERSBURG (CITY),Richmond
110N04809,COLONIAL HEIGHTS (CITY),Richmond
110N04810,COLONIAL HEIGHTS (CITY),Richmond
110N04811,CHESTERFIELD,Richmond
110N04812,CHESTERFIELD,Richmond
110N04813,CHESTERFIELD,Richmond
110N04814,CHESTERFIELD,Richmond
110N04815,CHESTERFIELD,Richmond
110N04816,RICHMOND (CITY),Richmond
110N04817,RICHMOND (CITY),Richmond
110N04818,RICHMOND (CITY),Richmond
110N04819,RICHMOND (CITY),Richmond
110N04820,RICHMOND (CITY),Richmond
110N04821,RICHMOND (CITY),Richmond
110N04823,NORFOLK (CITY),Hampton Roads
110N04824,NORFOLK (CITY),Hampton Roads
110N04827,PETERSBURG (CITY),Richmond
110N04828,PETERSBURG (CITY),Richmond
110N04847,RICHMOND (CITY),Richmond
110N04848,RICHMOND (CITY),Richmond
110N04849,RICHMOND (CITY),Richmond
110N04850,RICHMOND (CITY),Richmond
110N04851,RICHMOND (CITY),Richmond
110N04852,RICHMOND (CITY),Richmond
110N04855,CHESAPEAKE (CITY),Hampton Roads
110N04856,CHESAPEAKE (CITY),Hampton Roads
110N04858,CHESAPEAKE (CITY),Hampton Roads
110N04859,CHESAPEAKE (CITY),Hampton Roads
110N04860,CHESAPEAKE (CITY),Hampton Roads
110N04861,VIRGINIA BEACH (CITY),Hampton Roads
110N04862,NORFOLK (CITY),Hampton Roads
110N04863,NORFOLK (CITY),Hampton Roads
110N04864,NORFOLK (CITY),Hampton Roads
110N04865,NORFOLK (CITY),Hampton Roads
110N04866,NORFOLK (CITY),Hampton Roads
110N04867,NORFOLK (CITY),Hampton Roads
110N04868,NORFOLK (CITY),Hampton Roads
110N04869,NORFOLK (CITY),Hampton Roads
110N04870,NORFOLK (CITY),Hampton Roads
110N04871,NORFOLK (CITY),Hampton Roads
110N04872,NORFOLK (CITY),Hampton Roads
110N04873,NORFOLK (CITY),Hampton Roads
110N04874,NORFOLK (CITY),Hampton Roads
110N04875,NORFOLK (CITY),Hampton Roads
110N04876,HAMPTON (CITY),Hampton Roads
110N04877,HAMPTON (CITY),Hampton Roads
110N04878,HAMPTON (CITY),Hampton Roads
110N04879,HAMPTON (CITY),Hampton Roads
110N04880,HAMPTON (CITY),Hampton Roads
110N04881,HAMPTON (CITY),Hampton Roads
110N04883,HAMPTON (CITY),Hampton Roads
110N04884,HAMPTON (CITY),Hampton Roads
110N04885,HAMPTON (CITY),Hampton Roads
110N04886,HAMPTON (CITY),Hampton Roads
110N04887,NEWPORT NEWS (CITY),Hampton Roads
110N04888,NEWPORT NEWS (CITY),Hampton Roads
110N04889,NEWPORT NEWS (CITY),Hampton Roads
110N04890,NEWPORT NEWS (CITY),Hampton Roads
110N04891,NEWPORT NEWS (CITY),Hampton Roads
110N04892,NEWPORT NEWS (CITY),Hampton Roads
110N04893,YORK,Hampton Roads
110N04894,YORK,Hampton Roads
110N04895,YORK,Hampton Roads
110N04896,YORK,Hampton Roads
110N04897,JAMES CITY,Hampton Roads
110N04898,JAMES CITY,Hampton Roads
110N04899,NEW KENT,Richmond
110N04900,NEW KENT,Richmond
110N04901,NEW KENT,Richmond
110N04902,NEW KENT,Richmond
110N04903,HENRICO,Richmond
110N04904,HENRICO,Richmond
110N04905,HENRICO,Richmond
110N04906,HENRICO,Richmond
110N04907,RICHMOND (CITY),Richmond
110N04910,CHESAPEAKE (CITY),Hampton Roads
110N04911,CHESAPEAKE (CITY),Hampton Roads
110N04912,CHESAPEAKE (CITY),Hampton Roads
110N04913,CHESAPEAKE (CITY),Hampton Roads
110N04914,NORFOLK (CITY),Hampton Roads
110N04915,NORFOLK (CITY),Hampton Roads
110N04925,SPOTSYLVANIA,Fredericksburg
110N04926,FREDERICKSBURG (CITY),Fredericksburg
110N04944,HENRICO,Richmond
110N04945,HENRICO,Richmond
110N04946,HENRICO,Richmond
110N04947,HENRICO,Richmond
110N04948,HENRICO,Richmond
110N04949,HENRICO,Richmond
110N04950,HENRICO,Richmond
110N04951,HENRICO,Richmond
110N04954,HENRICO,Richmond
110N04955,HENRICO,Richmond
110N04956,HENRICO,Richmond
110N04957,HENRICO,Richmond
110N04958,HENRICO,Richmond
110N05007,ROANOKE,Salem
110N05008,ROANOKE,Salem
110N05009,ROANOKE,Salem
110N05010,ROANOKE,Salem
110N05011,ROANOKE,Salem
110N05012,ROANOKE,Salem
110N05017,ROANOKE (CITY),Salem
110N05018,ROANOKE (CITY),Salem
110N05019,ROANOKE (CITY),Salem
110N05020,ROANOKE (CITY),Salem
110N05021,ROANOKE (CITY),Salem
110N05022,ROANOKE (CITY),Salem
110N05353,AUGUSTA,Staunton
110N05354,AUGUSTA,Staunton
110N05355,AUGUSTA,Staunton
110N05356,AUGUSTA,Staunton
110N05357,AUGUSTA,Staunton
110N05358,ROCKINGHAM,Staunton
110N05359,HARRISONBURG (CITY),Staunton
110N05360,HARRISONBURG (CITY),Staunton
110N05361,HARRISONBURG (CITY),Staunton
110N05362,ROCKINGHAM,Staunton
110N05363,ROCKINGHAM,Staunton
110N05364,SHENANDOAH,Staunton
110N05365,SHENANDOAH,Staunton
110N05366,SHENANDOAH,Staunton
110N05367,SHENANDOAH,Staunton
110N05368,SHENANDOAH,Staunton
110N05369,SHENANDOAH,Staunton
110N05370,SHENANDOAH,Staunton
110N05371,SHENANDOAH,Staunton
110N05372,SHENANDOAH,Staunton
110N05373,FREDERICK,Staunton
110N05374,FREDERICK,Staunton
110N05375,FREDERICK,Staunton
110N05376,FREDERICK,Staunton
110N05377,FREDERICK,Staunton
110N05379,HANOVER,Richmond
110N05380,HANOVER,Richmond
110N05381,HANOVER,Richmond
110N05382,CAROLINE,Fredericksburg
110N05383,CAROLINE,Fredericksburg
110N05390,SPOTSYLVANIA,Fredericksburg
110N05391,WYTHE,Bristol
110N05392,WYTHE,Bristol
110N05393,WYTHE,Bristol
110N05394,PULASKI,Salem
110N05395,PULASKI,Salem
110N05396,PULASKI,Salem
110N05397,PULASKI,Salem
110N05398,PULASKI,Salem
110N05399,MONTGOMERY,Salem
110N05400,MONTGOMERY,Salem
110N05401,MONTGOMERY,Salem
110N05402,MONTGOMERY,Salem
110N05403,MONTGOMERY,Salem
110N05404,MONTGOMERY,Salem
110N05405,BOTETOURT,Salem
110N05406,BOTETOURT,Salem
110N05407,BOTETOURT,Salem
110N05408,BOTETOURT,Salem
110N05409,BOTETOURT,Salem
110N05410,ROCKBRIDGE,Staunton
110N05412,ROCKBRIDGE,Staunton
110N05415,GREENSVILLE,Hampton Roads
110N05416,GREENSVILLE,Hampton Roads
110N05417,EMPORIA (CITY),Hampton Roads
110N05419,GREENSVILLE,Hampton Roads
110N05420,SUSSEX,Hampton Roads
110N05421,SUSSEX,Hampton Roads
110N05422,SUSSEX,Hampton Roads
110N05423,SUSSEX,Hampton Roads
110N05424,SUSSEX,Hampton Roads
110N05427,MECKLENBURG,Richmond
110N05428,MECKLENBURG,Richmond
110N05429,MECKLENBURG,Richmond
110N05430,MECKLENBURG,Richmond
110N05431,BRUNSWICK,Richmond
110N05432,BRUNSWICK,Richmond
110N05433,BRUNSWICK,Richmond
110N05434,BRUNSWICK,Richmond
110N05435,BRUNSWICK,Richmond
110N05436,DINWIDDIE,Richmond
110N05437,DINWIDDIE,Richmond
110N05438,DINWIDDIE,Richmond
110N05439,DINWIDDIE,Richmond
110N05440,DINWIDDIE,Richmond
110N05443,GOOCHLAND,Richmond
110N05444,GOOCHLAND,Richmond
110N05445,LOUISA,Culpeper
110N05446,GOOCHLAND,Richmond
110N05447,GOOCHLAND,Richmond
110N05448,LOUISA,Culpeper
110N05449,LOUISA,Culpeper
110N05450,ALBEMARLE,Culpeper
110N05451,ALBEMARLE,Culpeper
110N05452,ALBEMARLE,Culpeper
110N05453,ALBEMARLE,Culpeper
110N05454,ALBEMARLE,Culpeper
110N05455,ALBEMARLE,Culpeper
110N05456,ALBEMARLE,Culpeper
110N05457,AUGUSTA,Staunton
110N05458,WAYNESBORO (CITY),Staunton
110N05459,WAYNESBORO (CITY),Staunton
110N05460,AUGUSTA,Staunton
110N05461,AUGUSTA,Staunton
110N05463,BRISTOL (CITY),Bristol
110N05464,BRISTOL (CITY),Bristol
110N05465,BRISTOL (CITY),Bristol
110N05466,BRISTOL (CITY),Bristol
110N05467,WASHINGTON,Bristol
110N05468,WASHINGTON,Bristol
110N05469,WASHINGTON,Bristol
110N05470,WASHINGTON,Bristol
110N05471,WASHINGTON,Bristol
110N05472,WASHINGTON,Bristol
110N05473,WASHINGTON,Bristol
110N05474,WASHINGTON,Bristol
110N05475,WASHINGTON,Bristol
110N05476,WASHINGTON,Bristol
110N05477,SMYTH,Bristol
110N05478,SMYTH,Bristol
110N05479,SMYTH,Bristol
110N05480,SMYTH,Bristol
110N05481,SMYTH,Bristol
110N05482,SMYTH,Bristol
110N05483,SMYTH,Bristol
110N05484,SMYTH,Bristol
110N05485,WYTHE,Bristol
110N05486,WYTHE,Bristol
110N05487,WYTHE,Bristol
110N05488,WYTHE,Bristol
110N05490,WYTHE,Bristol
110N05491,WYTHE,Bristol
110N05492,WYTHE,Bristol
110N05495,ROCKBRIDGE,Staunton
110N05496,ROCKBRIDGE,Staunton
110N05497,ROCKBRIDGE,Staunton
110N05498,AUGUSTA,Staunton
110N05499,AUGUSTA,Staunton
110N05500,AUGUSTA,Staunton
110N05503,WARREN,Staunton
110N05504,WARREN,Staunton
110N05507,WYTHE,Bristol
110N05508,BLAND,Bristol
110N05509,BLAND,Bristol
110N05510,BLAND,Bristol
110N05511,BLAND,Bristol
110N05512,BLAND,Bristol
110N05513,BLAND,Bristol
110N05514,BLAND,Bristol
110N05517,CARROLL,Salem
110N05518,CARROLL,Salem
110N05519,CARROLL,Salem
110N05520,CARROLL,Salem
110N05521,WYTHE,Bristol
110N05522,WYTHE,Bristol
110N05529,ALLEGHANY,Staunton
110N05530,ALLEGHANY,Staunton
110N05531,ALLEGHANY,Staunton
110N05532,COVINGTON (CITY),Staunton
110N05533,ALLEGHANY,Staunton
110N05534,ALLEGHANY,Staunton
110N05535,ALLEGHANY,Staunton
110N05536,ALLEGHANY,Staunton
110N05537,ALLEGHANY,Staunton
110N05538,ALLEGHANY,Staunton
110N05539,ROCKBRIDGE,Staunton
110N05540,ROCKBRIDGE,Staunton
110N05541,ROCKBRIDGE,Staunton
110N10918,HANOVER,Richmond
110N10919,HANOVER,Richmond
110N10920,HANOVER,Richmond
110N10921,HANOVER,Richmond
110N15859,HENRICO,Richmond
110N16029,HOPEWELL (CITY),Richmond
110N16072,NORFOLK (CITY),Hampton Roads
110P04121,FAIRFAX,Northern Virginia
110P04122,ALEXANDRIA (CITY),Northern Virginia
110P04123,ALEXANDRIA (CITY),Northern Virginia
110P04124,ARLINGTON,Northern Virginia
110P04125,ARLINGTON,Northern Virginia
110P04126,ARLINGTON,Northern Virginia
110P04127,ARLINGTON,Northern Virginia
110P04128,ARLINGTON,Northern Virginia
110P04129,ARLINGTON,Northern Virginia
110P04130,ARLINGTON,Northern Virginia
110P04143,STAFFORD,Fredericksburg
110P04144,STAFFORD,Fredericksburg
110P04145,STAFFORD,Fredericksburg
110P04146,PRINCE WILLIAM,Northern Virginia
110P04147,PRINCE WILLIAM,Northern Virginia
110P04148,PRINCE WILLIAM,Northern Virginia
110P04149,PRINCE WILLIAM,Northern Virginia
110P04150,PRINCE WILLIAM,Northern Virginia
110P04151,PRINCE WILLIAM,Northern Virginia
110P04152,PRINCE WILLIAM,Northern Virginia
110P04153,FAIRFAX,Northern Virginia
110P04154,FAIRFAX,Northern Virginia
110P04155,FAIRFAX,Northern Virginia
110P04156,FAIRFAX,Northern Virginia
110P04157,FAIRFAX,Northern Virginia
110P04163,ARLINGTON,Northern Virginia
110P04164,ARLINGTON,Northern Virginia
110P04165,ARLINGTON,Northern Virginia
110P04166,ARLINGTON,Northern Virginia
110P04167,ARLINGTON,Northern Virginia
110P04168,ARLINGTON,Northern Virginia
110P04169,ARLINGTON,Northern Virginia
110P04170,ARLINGTON,Northern Virginia
110P04171,ARLINGTON,Northern Virginia
110P04172,ARLINGTON,Northern Virginia
110P04173,FAIRFAX,Northern Virginia
110P04174,FAIRFAX,Northern Virginia
110P04175,FAIRFAX,Northern Virginia
110P04176,FAIRFAX,Northern Virginia
110P04177,FAIRFAX,Northern Virginia
110P04178,FAIRFAX,Northern Virginia
110P04179,FAIRFAX,Northern Virginia
110P04180,FAIRFAX,Northern Virginia
110P04181,FAIRFAX,Northern Virginia
110P04182,FAIRFAX,Northern Virginia
110P04183,FAIRFAX,Northern Virginia
110P04184,PRINCE WILLIAM,Northern Virginia
110P04185,PRINCE WILLIAM,Northern Virginia
110P04186,PRINCE WILLIAM,Northern Virginia
110P04187,PRINCE WILLIAM,Northern Virginia
110P04188,FAUQUIER,Culpeper
110P04189,FAUQUIER,Culpeper
110P04190,FAUQUIER,Culpeper
110P04191,FAUQUIER,Culpeper
110P04192,FAUQUIER,Culpeper
110P04193,FAUQUIER,Culpeper
110P04603,FAIRFAX,Northern Virginia
110P04604,FAIRFAX,Northern Virginia
110P04605,FAIRFAX,Northern Virginia
110P04606,FAIRFAX,Northern Virginia
110P04607,FAIRFAX,Northern Virginia
110P04608,FAIRFAX,Northern Virginia
110P04609,FAIRFAX,Northern Virginia
110P04610,FAIRFAX,Northern Virginia
110P04611,FAIRFAX,Northern Virginia
110P04612,FAIRFAX,Northern Virginia
110P04613,FAIRFAX,Northern Virginia
110P04645,ALEXANDRIA (CITY),Northern Virginia
110P04646,FAIRFAX,Northern Virginia
110P04647,FAIRFAX,Northern Virginia
110P04648,FAIRFAX,Northern Virginia
110P04670,ARLINGTON,Northern Virginia
110P04681,FREDERICK,Staunton
110P04682,FREDERICK,Staunton
110P04683,FREDERICK,Staunton
110P04684,FREDERICK,Staunton
110P04686,PORTSMOUTH (CITY),Hampton Roads
110P04687,PORTSMOUTH (CITY),Hampton Roads
110P04688,PORTSMOUTH (CITY),Hampton Roads
110P04689,PORTSMOUTH (CITY),Hampton Roads
110P04691,PORTSMOUTH (CITY),Hampton Roads
110P04692,PORTSMOUTH (CITY),Hampton Roads
110P04693,PORTSMOUTH (CITY),Hampton Roads
110P04694,NORFOLK (CITY),Hampton Roads
110P04696,NORFOLK (CITY),Hampton Roads
110P04697,NORFOLK (CITY),Hampton Roads
110P04698,NORFOLK (CITY),Hampton Roads
110P04699,NORFOLK (CITY),Hampton Roads
110P04700,NORFOLK (CITY),Hampton Roads
110P04701,NORFOLK (CITY),Hampton Roads
110P04702,NORFOLK (CITY),Hampton Roads
110P04703,VIRGINIA BEACH (CITY),Hampton Roads
110P04704,VIRGINIA BEACH (CITY),Hampton Roads
110P04705,VIRGINIA BEACH (CITY),Hampton Roads
110P04706,VIRGINIA BEACH (CITY),Hampton Roads
110P04707,VIRGINIA BEACH (CITY),Hampton Roads
110P04708,VIRGINIA BEACH (CITY),Hampton Roads
110P04709,VIRGINIA BEACH (CITY),Hampton Roads
110P04710,VIRGINIA BEACH (CITY),Hampton Roads
110P04728,CHESAPEAKE (CITY),Hampton Roads
110P04729,CHESAPEAKE (CITY),Hampton Roads
110P04730,CHESAPEAKE (CITY),Hampton Roads
110P04731,CHESAPEAKE (CITY),Hampton Roads
110P04732,CHESAPEAKE (CITY),Hampton Roads
110P04733,SUFFOLK (CITY),Hampton Roads
110P04734,SUFFOLK (CITY),Hampton Roads
110P04735,SUFFOLK (CITY),Hampton Roads
110P04736,NEWPORT NEWS (CITY),Hampton Roads
110P04738,NEWPORT NEWS (CITY),Hampton Roads
110P04739,NEWPORT NEWS (CITY),Hampton Roads
110P04740,NEWPORT NEWS (CITY),Hampton Roads
110P04741,NEWPORT NEWS (CITY),Hampton Roads
110P04742,HAMPTON (CITY),Hampton Roads
110P04743,HAMPTON (CITY),Hampton Roads
110P04770,PRINCE GEORGE,Richmond
110P04771,HOPEWELL (CITY),Richmond
110P04772,CHESTERFIELD,Richmond
110P04773,HENRICO,Richmond
110P04774,HENRICO,Richmond
110P04775,HENRICO,Richmond
110P04776,HENRICO,Richmond
110P04784,RICHMOND (CITY),Richmond
110P04785,HENRICO,Richmond
110P04786,HENRICO,Richmond
110P04787,HENRICO,Richmond
110P04788,HENRICO,Richmond
110P04789,HENRICO,Richmond
110P04790,HANOVER,Richmond
110P04791,RICHMOND (CITY),Richmond
110P04792,RICHMOND (CITY),Richmond
110P04793,RICHMOND (CITY),Richmond
110P04794,RICHMOND (CITY),Richmond
110P04795,RICHMOND (CITY),Richmond
110P04798,PRINCE GEORGE,Richmond
110P04799,PRINCE GEORGE,Richmond
110P04800,PRINCE GEORGE,Richmond
110P04801,PRINCE GEORGE,Richmond
110P04803,PETERSBURG (CITY),Richmond
110P04804,PETERSBURG (CITY),Richmond
110P04805,PETERSBURG (CITY),Richmond
110P04806,PETERSBURG (CITY),Richmond
110P04807,PETERSBURG (CITY),Richmond
110P04808,PETERSBURG (CITY),Richmond
110P04809,COLONIAL HEIGHTS (CITY),Richmond
110P04810,COLONIAL HEIGHTS (CITY),Richmond
110P04811,CHESTERFIELD,Richmond
110P04812,CHESTERFIELD,Richmond
110P04813,CHESTERFIELD,Richmond
110P04814,CHESTERFIELD,Richmond
110P04815,CHESTERFIELD,Richmond
110P04816,RICHMOND (CITY),Richmond
110P04817,RICHMOND (CITY),Richmond
110P04818,RICHMOND (CITY),Richmond
110P04819,RICHMOND (CITY),Richmond
110P04820,RICHMOND (CITY),Richmond
110P04821,RICHMOND (CITY),Richmond
110P04823,NORFOLK (CITY),Hampton Roads
110P04824,NORFOLK (CITY),Hampton Roads
110P04827,PETERSBURG (CITY),Richmond
110P04828,PETERSBURG (CITY),Richmond
110P04847,RICHMOND (CITY),Richmond
110P04848,RICHMOND (CITY),Richmond
110P04849,RICHMOND (CITY),Richmond
110P04850,RICHMOND (CITY),Richmond
110P04851,RICHMOND (CITY),Richmond
110P04852,RICHMOND (CITY),Richmond
110P04855,CHESAPEAKE (CITY),Hampton Roads
110P04856,CHESAPEAKE (CITY),Hampton Roads
110P04857,CHESAPEAKE (CITY),Hampton Roads
110P04858,CHESAPEAKE (CITY),Hampton Roads
110P04859,CHESAPEAKE (CITY),Hampton Roads
110P04860,CHESAPEAKE (CITY),Hampton Roads
110P04861,VIRGINIA BEACH (CITY),Hampton Roads
110P04862,NORFOLK (CITY),Hampton Roads
110P04863,NORFOLK (CITY),Hampton Roads
110P04865,NORFOLK (CITY),Hampton Roads
110P04866,NORFOLK (CITY),Hampton Roads
110P04867,NORFOLK (CITY),Hampton Roads
110P04868,NORFOLK (CITY),Hampton Roads
110P04869,NORFOLK (CITY),Hampton Roads
110P04870,NORFOLK (CITY),Hampton Roads
110P04871,NORFOLK (CITY),Hampton Roads
110P04872,NORFOLK (CITY),Hampton Roads
110P04873,NORFOLK (CITY),Hampton Roads
110P04874,NORFOLK (CITY),Hampton Roads
110P04875,NORFOLK (CITY),Hampton Roads
110P04876,HAMPTON (CITY),Hampton Roads
110P04877,HAMPTON (CITY),Hampton Roads
110P04878,HAMPTON (CITY),Hampton Roads
110P04879,HAMPTON (CITY),Hampton Roads
110P04880,HAMPTON (CITY),Hampton Roads
110P04881,HAMPTON (CITY),Hampton Roads
110P04882,HAMPTON (CITY),Hampton Roads
110P04883,HAMPTON (CITY),Hampton Roads
110P04884,HAMPTON (CITY),Hampton Roads
110P04885,HAMPTON (CITY),Hampton Roads
110P04886,HAMPTON (CITY),Hampton Roads
110P04887,NEWPORT NEWS (CITY),Hampton Roads
110P04888,NEWPORT NEWS (CITY),Hampton Roads
110P04889,NEWPORT NEWS (CITY),Hampton Roads
110P04890,NEWPORT NEWS (CITY),Hampton Roads
110P04891,NEWPORT NEWS (CITY),Hampton Roads
110P04892,NEWPORT NEWS (CITY),Hampton Roads
110P04893,YORK,Hampton Roads
110P04894,YORK,Hampton Roads
110P04895,YORK,Hampton Roads
110P04896,YORK,Hampton Roads
110P04897,JAMES CITY,Hampton Roads
110P04898,JAMES CITY,Hampton Roads
110P04899,NEW KENT,Richmond
110P04900,NEW KENT,Richmond
110P04901,NEW KENT,Richmond
110P04902,NEW KENT,Richmond
110P04903,HENRICO,Richmond
110P04904,HENRICO,Richmond
110P04905,HENRICO,Richmond
110P04906,HENRICO,Richmond
110P04907,RICHMOND (CITY),Richmond
110P04908,RICHMOND (CITY),Richmond
110P04910,CHESAPEAKE (CITY),Hampton Roads
110P04911,CHESAPEAKE (CITY),Hampton Roads
110P04912,CHESAPEAKE (CITY),Hampton Roads
110P04913,CHESAPEAKE (CITY),Hampton Roads
110P04914,NORFOLK (CITY),Hampton Roads
110P04915,NORFOLK (CITY),Hampton Roads
110P04925,SPOTSYLVANIA,Fredericksburg
110P04926,FREDERICKSBURG (CITY),Fredericksburg
110P04944,HENRICO,Richmond
110P04945,HENRICO,Richmond
110P04946,HENRICO,Richmond
110P04947,HENRICO,Richmond
110P04948,HENRICO,Richmond
110P04949,HENRICO,Richmond
110P04950,HENRICO,Richmond
110P04951,HENRICO,Richmond
110P04954,HENRICO,Richmond
110P04955,HENRICO,Richmond
110P04956,HENRICO,Richmond
110P04957,HENRICO,Richmond
110P04958,HENRICO,Richmond
110P05007,ROANOKE,Salem
110P05008,ROANOKE,Salem
110P05009,ROANOKE,Salem
110P05010,ROANOKE,Salem
110P05011,ROANOKE,Salem
110P05012,ROANOKE,Salem
110P05017,ROANOKE (CITY),Salem
110P05018,ROANOKE (CITY),Salem
110P05019,ROANOKE (CITY),Salem
110P05020,ROANOKE (CITY),Salem
110P05021,ROANOKE (CITY),Salem
110P05022,ROANOKE,Salem
110P05353,AUGUSTA,Staunton
110P05354,AUGUSTA,Staunton
110P05355,AUGUSTA,Staunton
110P05356,AUGUSTA,Staunton
110P05357,AUGUSTA,Staunton
110P05358,ROCKINGHAM,Staunton
110P05359,HARRISONBURG (CITY),Staunton
110P05360,HARRISONBURG (CITY),Staunton
110P05361,HARRISONBURG (CITY),Staunton
110P05362,ROCKINGHAM,Staunton
110P05363,ROCKINGHAM,Staunton
110P05364,SHENANDOAH,Staunton
110P05365,SHENANDOAH,Staunton
110P05366,SHENANDOAH,Staunton
110P05367,SHENANDOAH,Staunton
110P05368,SHENANDOAH,Staunton
110P05369,SHENANDOAH,Staunton
110P05370,SHENANDOAH,Staunton
110P05371,SHENANDOAH,Staunton
110P05372,SHENANDOAH,Staunton
110P05373,FREDERICK,Staunton
110P05374,FREDERICK,Staunton
110P05375,FREDERICK,Staunton
110P05376,FREDERICK,Staunton
110P05377,FREDERICK,Staunton
110P05379,HANOVER,Richmond
110P05380,HANOVER,Richmond
110P05381,HANOVER,Richmond
110P05382,CAROLINE,Fredericksburg
110P05383,CAROLINE,Fredericksburg
110P05390,SPOTSYLVANIA,Fredericksburg
110P05391,WYTHE,Bristol
110P05392,WYTHE,Bristol
110P05393,WYTHE,Bristol
110P05394,PULASKI,Salem
110P05395,PULASKI,Salem
110P05396,PULASKI,Salem
110P05397,PULASKI,Salem
110P05398,PULASKI,Salem
110P05399,MONTGOMERY,Salem
110P05400,MONTGOMERY,Salem
110P05401,MONTGOMERY,Salem
110P05402,MONTGOMERY,Salem
110P05403,MONTGOMERY,Salem
110P05404,MONTGOMERY,Salem
110P05405,BOTETOURT,Salem
110P05406,BOTETOURT,Salem
110P05407,BOTETOURT,Salem
110P05408,BOTETOURT,Salem
110P05409,BOTETOURT,Salem
110P05410,ROCKBRIDGE,Staunton
110P05411,ROCKBRIDGE,Staunton
110P05412,ROCKBRIDGE,Staunton
110P05413,ROCKBRIDGE,Staunton
110P05415,GREENSVILLE,Hampton Roads
110P05416,GREENSVILLE,Hampton Roads
110P05417,EMPORIA (CITY),Hampton Roads
110P05419,GREENSVILLE,Hampton Roads
110P05420,SUSSEX,Hampton Roads
110P05421,SUSSEX,Hampton Roads
110P05422,SUSSEX,Hampton Roads
110P05423,SUSSEX,Hampton Roads
110P05424,SUSSEX,Hampton Roads
110P05427,MECKLENBURG,Richmond
110P05428,MECKLENBURG,Richmond
110P05429,MECKLENBURG,Richmond
110P05430,MECKLENBURG,Richmond
110P05431,BRUNSWICK,Richmond
110P05432,BRUNSWICK,Richmond
110P05433,BRUNSWICK,Richmond
110P05434,BRUNSWICK,Richmond
110P05435,BRUNSWICK,Richmond
110P05436,DINWIDDIE,Richmond
110P05437,DINWIDDIE,Richmond
110P05438,DINWIDDIE,Richmond
110P05439,DINWIDDIE,Richmond
110P05440,DINWIDDIE,Richmond
110P05443,GOOCHLAND,Richmond
110P05444,GOOCHLAND,Richmond
110P05445,LOUISA,Culpeper
110P05446,GOOCHLAND,Richmond
110P05447,GOOCHLAND,Richmond
110P05448,LOUISA,Culpeper
110P05449,LOUISA,Culpeper
110P05450,ALBEMARLE,Culpeper
110P05451,ALBEMARLE,Culpeper
110P05452,ALBEMARLE,Culpeper
110P05453,ALBEMARLE,Culpeper
110P05454,ALBEMARLE,Culpeper
110P05455,ALBEMARLE,Culpeper
110P05456,ALBEMARLE,Culpeper
110P05457,AUGUSTA,Staunton
110P05458,WAYNESBORO (CITY),Staunton
110P05459,WAYNESBORO (CITY),Staunton
110P05460,AUGUSTA,Staunton
110P05461,AUGUSTA,Staunton
110P05463,BRISTOL (CITY),Bristol
110P05464,BRISTOL (CITY),Bristol
110P05465,BRISTOL (CITY),Bristol
110P05466,BRISTOL (CITY),Bristol
110P05467,WASHINGTON,Bristol
110P05468,WASHINGTON,Bristol
110P05469,WASHINGTON,Bristol
110P05470,WASHINGTON,Bristol
110P05471,WASHINGTON,Bristol
110P05472,WASHINGTON,Bristol
110P05473,WASHINGTON,Bristol
110P05474,WASHINGTON,Bristol
110P05475,WASHINGTON,Bristol
110P05476,WASHINGTON,Bristol
110P05477,SMYTH,Bristol
110P05478,SMYTH,Bristol
110P05479,SMYTH,Bristol
110P05480,SMYTH,Bristol
110P05481,SMYTH,Bristol
110P05482,SMYTH,Bristol
110P05483,SMYTH,Bristol
110P05484,SMYTH,Bristol
110P05485,WYTHE,Bristol
110P05486,WYTHE,Bristol
110P05487,WYTHE,Bristol
110P05488,WYTHE,Bristol
110P05490,WYTHE,Bristol
110P05491,WYTHE,Bristol
110P05492,WYTHE,Bristol
110P05495,ROCKBRIDGE,Staunton
110P05496,ROCKBRIDGE,Staunton
110P05497,ROCKBRIDGE,Staunton
110P05498,AUGUSTA,Staunton
110P05499,AUGUSTA,Staunton
110P05500,AUGUSTA,Staunton
110P05503,WARREN,Staunton
110P05504,WARREN,Staunton
110P05506,WYTHE,Bristol
110P05507,WYTHE,Bristol
110P05508,BLAND,Bristol
110P05509,BLAND,Bristol
110P05510,BLAND,Bristol
110P05511,BLAND,Bristol
110P05512,BLAND,Bristol
110P05513,BLAND,Bristol
110P05514,BLAND,Bristol
110P05517,CARROLL,Salem
110P05518,CARROLL,Salem
110P05519,CARROLL,Salem
110P05520,CARROLL,Salem
110P05521,WYTHE,Bristol
110P05522,WYTHE,Bristol
110P05529,ALLEGHANY,Staunton
110P05530,ALLEGHANY,Staunton
110P05531,ALLEGHANY,Staunton
110P05532,COVINGTON (CITY),Staunton
110P05533,ALLEGHANY,Staunton
110P05534,ALLEGHANY,Staunton
110P05535,ALLEGHANY,Staunton
110P05536,ALLEGHANY,Staunton
110P05537,ALLEGHANY,Staunton
110P05538,ALLEGHANY,Staunton
110P05539,ROCKBRIDGE,Staunton
110P05540,ROCKBRIDGE,Staunton
110P05541,ROCKBRIDGE,Staunton
110P05542,ROCKBRIDGE,Staunton
110P10918,HANOVER,Richmond
110P10919,HANOVER,Richmond
110P10920,HANOVER,Richmond
110P10921,HANOVER,Richmond
110P15859,HENRICO,Richmond
110P16029,HOPEWELL (CITY),Richmond
110P16072,NORFOLK (CITY),Hampton Roads
