TMC,ROAD,DIR,ROAD_DIR,INTERSECTION,ROAD_ORDER,GLOBAL_ORDER
110+04847,I-195,NB,I-195 NB,FLOYD AVE,20,1
110P04847,I-195,NB,I-195 NB,FLOYD AVE,20.001,2
110+04848,I-195,NB,I-195 NB,GROVE AVE,21,3
110P04848,I-195,NB,I-195 NB,GROVE AVE,22,4
110+04849,I-195,NB,I-195 NB,MONUMENT AVE,23,5
110P04849,I-195,NB,I-195 NB,MONUMENT AVE,24,6
110+04850,I-195,NB,I-195 NB,US-250/US-33/BROAD ST,25,7
110P04850,I-195,NB,I-195 NB,US-250/US-33/BROAD ST,26,8
110+04851,I-195,NB,I-195 NB,HAMILTON ST,27,9
110P04851,I-195,NB,I-195 NB,HAMILTON ST,28,10
110+04852,I-195,NB,I-195 NB,LABURNUM AVE,29,11
110P04852,I-195,NB,I-195 NB,LABURNUM AVE,30,12
110N04852,I-195,SB,I-195 SB,LABURNUM AVE,1,15
110-04851,I-195,SB,I-195 SB,HAMILTON ST,2,17
110N04851,I-195,SB,I-195 SB,HAMILTON ST,3,18
110-04850,I-195,SB,I-195 SB,US-250/US-33/BROAD ST,4,19
110N04850,I-195,SB,I-195 SB,US-250/US-33/BROAD ST,5,20
110-04849,I-195,SB,I-195 SB,MONUMENT AVE,6,21
110N04849,I-195,SB,I-195 SB,MONUMENT AVE,7,22
110-04848,I-195,SB,I-195 SB,GROVE AVE,8,23
110N04848,I-195,SB,I-195 SB,GROVE AVE,9,24
110-04847,I-195,SB,I-195 SB,FLOYD AVE,10,25
110-04846,I-195,SB,I-195 SB,VA-146/ROSEWOOD AVE,11,26
110N04847,I-195,SB,I-195 SB,FLOYD AVE,11.001,27
110+04686,I-264,EB,I-264 EB,GREENWOOD DR/EXIT 2,46,28
110P04686,I-264,EB,I-264 EB,GREENWOOD DR/EXIT 2,47,30
110+04687,I-264,EB,I-264 EB,VA-239/VICTORY BLVD/EXIT 3,48,31
110P04687,I-264,EB,I-264 EB,VA-239/VICTORY BLVD/EXIT 3,49,32
110+04688,I-264,EB,I-264 EB,VA-337/PORTSMOUTH BLVD/EXIT 4,50,33
110P04688,I-264,EB,I-264 EB,VA-337/PORTSMOUTH BLVD/EXIT 4,51,34
110+04689,I-264,EB,I-264 EB,US-17/FREDERICK BLVD/EXIT 5,52,35
110P04689,I-264,EB,I-264 EB,US-17/FREDERICK BLVD/EXIT 5,53,36
110+04690,I-264,EB,I-264 EB,DES MOINES AVE/EXIT 6,54,37
110+04691,I-264,EB,I-264 EB,VA-141/EFFINGHAM ST/EXIT 7,56,39
110P04691,I-264,EB,I-264 EB,VA-141/EFFINGHAM ST/EXIT 7,57,40
110+04692,I-264,EB,I-264 EB,COURT ST,58,41
110P04692,I-264,EB,I-264 EB,COURT ST,59,42
110+04693,I-264,EB,I-264 EB,DOWNTOWN TUNNEL,60,43
110P04693,I-264,EB,I-264 EB,DOWNTOWN TUNNEL,61,44
110+04694,I-264,EB,I-264 EB,I-464/BERKLEY AVE/EXIT 8,62,45
110P04694,I-264,EB,I-264 EB,I-464/BERKLEY AVE/EXIT 8,63,46
110+04695,I-264,EB,I-264 EB,BERKLEY BRIDGE,64,47
110+04696,I-264,EB,I-264 EB,CITY HALL AVE/EXIT 10,66,49
110P04696,I-264,EB,I-264 EB,CITY HALL AVE/EXIT 10,67,50
110+04697,I-264,EB,I-264 EB,WATERSIDE DR/EXIT 9,68,51
110P04697,I-264,EB,I-264 EB,WATERSIDE DR/EXIT 9,69,52
110+04698,I-264,EB,I-264 EB,CLAIBORNE AVE/EXIT 11,70,53
110P04698,I-264,EB,I-264 EB,CLAIBORNE AVE/EXIT 11,71,54
110+04699,I-264,EB,I-264 EB,US-460/VA-166/VA-168/EXIT 11,72,55
110P04699,I-264,EB,I-264 EB,US-460/VA-166/VA-168/EXIT 11,73,56
110+04700,I-264,EB,I-264 EB,BALLENTINE BLVD/EXIT 12,74,57
110P04700,I-264,EB,I-264 EB,BALLENTINE BLVD/EXIT 12,75,58
110+04701,I-264,EB,I-264 EB,US-13/MILITARY HWY/EXIT 13-14,76,59
110P04701,I-264,EB,I-264 EB,US-13/MILITARY HWY/EXIT 13-14,77,60
110+04702,I-264,EB,I-264 EB,I-64/EXIT 14,78,61
110P04702,I-264,EB,I-264 EB,I-64/EXIT 14,79,62
110+04703,I-264,EB,I-264 EB,GREENWICH RD/NEWTOWN RD,80,63
110P04703,I-264,EB,I-264 EB,GREENWICH RD/NEWTOWN RD,81,64
110+04704,I-264,EB,I-264 EB,VA-190/WITCHDUCK RD/EXIT 16,82,65
110P04704,I-264,EB,I-264 EB,VA-190/WITCHDUCK RD/EXIT 16,83,66
110+04705,I-264,EB,I-264 EB,VA-225/INDEPENDENCE BLVD/EXIT 17,84,67
110P04705,I-264,EB,I-264 EB,VA-225/INDEPENDENCE BLVD/EXIT 17,85,68
110+04706,I-264,EB,I-264 EB,ROSEMONT RD/EXIT 18,86,69
110P04706,I-264,EB,I-264 EB,ROSEMONT RD/EXIT 18,87,70
110+04707,I-264,EB,I-264 EB,VA-414/LYNNHAVEN PKWY/EXIT 19,88,71
110P04707,I-264,EB,I-264 EB,VA-414/LYNNHAVEN PKWY/EXIT 19,89,72
110+04708,I-264,EB,I-264 EB,US-58 BUS/LASKIN RD,90,73
110P04708,I-264,EB,I-264 EB,US-58 BUS/LASKIN RD,91,74
110+04709,I-264,EB,I-264 EB,VA-408/FIRST COLONIAL RD/EXIT 21,92,75
110P04709,I-264,EB,I-264 EB,VA-408/FIRST COLONIAL RD/EXIT 21,93,76
110+04710,I-264,EB,I-264 EB,BIRDNECK RD/EXIT 22,94,77
110P04710,I-264,EB,I-264 EB,BIRDNECK RD/EXIT 22,95,78
110+04711,I-264,EB,I-264 EB,PARKS AVE,96,79
110N04710,I-264,WB,I-264 WB,BIRDNECK RD/EXIT 22,3,83
110-04709,I-264,WB,I-264 WB,VA-408/FIRST COLONIAL RD/EXIT 21,4,84
110N04709,I-264,WB,I-264 WB,VA-408/FIRST COLONIAL RD/EXIT 21,5,85
110-04708,I-264,WB,I-264 WB,US-58 BUS/LASKIN RD,6,86
110N04708,I-264,WB,I-264 WB,US-58 BUS/LASKIN RD,7,87
110-04707,I-264,WB,I-264 WB,VA-414/LYNNHAVEN PKWY/EXIT 19,8,88
110N04707,I-264,WB,I-264 WB,VA-414/LYNNHAVEN PKWY/EXIT 19,9,89
110-04706,I-264,WB,I-264 WB,ROSEMONT RD/EXIT 18,10,90
110N04706,I-264,WB,I-264 WB,ROSEMONT RD/EXIT 18,11,91
110-04705,I-264,WB,I-264 WB,VA-225/INDEPENDENCE BLVD/EXIT 17,12,92
110N04705,I-264,WB,I-264 WB,VA-225/INDEPENDENCE BLVD/EXIT 17,13,93
110-04704,I-264,WB,I-264 WB,VA-190/WITCHDUCK RD/EXIT 16,14,94
110N04704,I-264,WB,I-264 WB,VA-190/WITCHDUCK RD/EXIT 16,15,95
110-04703,I-264,WB,I-264 WB,GREENWICH RD/NEWTOWN RD,16,96
110N04703,I-264,WB,I-264 WB,GREENWICH RD/NEWTOWN RD,17,97
110-04702,I-264,WB,I-264 WB,I-64/EXIT 14,18,98
110N04702,I-264,WB,I-264 WB,I-64/EXIT 14,19,99
110-04701,I-264,WB,I-264 WB,US-13/MILITARY HWY/EXIT 13-14,20,100
110N04701,I-264,WB,I-264 WB,US-13/MILITARY HWY/EXIT 13-14,21,101
110-04700,I-264,WB,I-264 WB,BALLENTINE BLVD/EXIT 12,22,102
110N04700,I-264,WB,I-264 WB,BALLENTINE BLVD/EXIT 12,23,103
110-04699,I-264,WB,I-264 WB,US-460/VA-166/VA-168/EXIT 11,24,104
110N04699,I-264,WB,I-264 WB,US-460/VA-166/VA-168/EXIT 11,25,105
110-04698,I-264,WB,I-264 WB,CLAIBORNE AVE/EXIT 11,26,106
110N04698,I-264,WB,I-264 WB,CLAIBORNE AVE/EXIT 11,27,107
110-04697,I-264,WB,I-264 WB,WATERSIDE DR/EXIT 9,28,108
110-04694,I-264,WB,I-264 WB,I-464/BERKLEY AVE/EXIT 8,34,113
110N04694,I-264,WB,I-264 WB,I-464/BERKLEY AVE/EXIT 8,35,114
110-04693,I-264,WB,I-264 WB,DOWNTOWN TUNNEL,36,115
110N04693,I-264,WB,I-264 WB,DOWNTOWN TUNNEL,37,116
110-04692,I-264,WB,I-264 WB,COURT ST,38,117
110N04692,I-264,WB,I-264 WB,COURT ST,39,118
110-04691,I-264,WB,I-264 WB,VA-141/EFFINGHAM ST/EXIT 7,40,119
110N04691,I-264,WB,I-264 WB,VA-141/EFFINGHAM ST/EXIT 7,41,120
110-04690,I-264,WB,I-264 WB,DES MOINES AVE/EXIT 6,42,121
110-04689,I-264,WB,I-264 WB,US-17/FREDERICK BLVD/EXIT 5,44,123
110N04689,I-264,WB,I-264 WB,US-17/FREDERICK BLVD/EXIT 5,45,124
110-04688,I-264,WB,I-264 WB,VA-337/PORTSMOUTH BLVD/EXIT 4,46,125
110N04688,I-264,WB,I-264 WB,VA-337/PORTSMOUTH BLVD/EXIT 4,47,126
110-04687,I-264,WB,I-264 WB,VA-239/VICTORY BLVD/EXIT 3,48,127
110N04687,I-264,WB,I-264 WB,VA-239/VICTORY BLVD/EXIT 3,49,128
110-04686,I-264,WB,I-264 WB,GREENWOOD DR/EXIT 2,50,129
110N04686,I-264,WB,I-264 WB,GREENWOOD DR/EXIT 2,51,130
110-04685,I-264,WB,I-264 WB,I-664/I-64,52,132
110+04770,I-295,NB,I-295 NB,US-460/EXIT 3,1,133
110P04770,I-295,NB,I-295 NB,US-460/EXIT 3,2,135
110+04771,I-295,NB,I-295 NB,VA-36/EXIT 9,3,136
110P04771,I-295,NB,I-295 NB,VA-36/EXIT 9,4,137
110+16029,I-295,NB,I-295 NB,FREDERICK T GRAY BRIDGE,5,138
110P16029,I-295,NB,I-295 NB,FREDERICK T GRAY BRIDGE,6,139
110+04772,I-295,NB,I-295 NB,VA-10/EXIT 15,7,140
110P04772,I-295,NB,I-295 NB,VA-10/EXIT 15,8,141
110+04773,I-295,NB,I-295 NB,VA-5/EXIT 22,9,142
110P04773,I-295,NB,I-295 NB,VA-5/EXIT 22,10,143
110+15859,I-295,NB,I-295 NB,VA-895/POCAHONTAS PKWY,11,144
110P15859,I-295,NB,I-295 NB,VA-895/POCAHONTAS PKWY,12,145
110+04774,I-295,NB,I-295 NB,US-60/VA-33/VA-156/EXIT 28,13,146
110P04774,I-295,NB,I-295 NB,US-60/VA-33/VA-156/EXIT 28,14,147
110+04775,I-295,NB,I-295 NB,I-64/EXIT 28,15,148
110P04775,I-295,NB,I-295 NB,I-64/EXIT 28,16,149
110+04776,I-295,NB,I-295 NB,VA-156/EXIT 31,17,150
110P04776,I-295,NB,I-295 NB,VA-156/EXIT 31,18,151
110+04777,I-295,NB,I-295 NB,HENRICO--HANOVER COUNTY BORDER (HIGHLAND SPRINGS),19,152
110+10918,I-295,NB,I-295 NB,CREIGHTON RD/EXIT 34,20,153
110P10918,I-295,NB,I-295 NB,CREIGHTON RD/EXIT 34,21,154
110+10919,I-295,NB,I-295 NB,US-360/MECHANICSVILLE TPKE/EXIT 37,22,155
110P10919,I-295,NB,I-295 NB,US-360/MECHANICSVILLE TPKE/EXIT 37,23,156
110+10920,I-295,NB,I-295 NB,MEADOWBRIDGE RD/POLE GREEN RD/EXIT 38,24,157
110P10920,I-295,NB,I-295 NB,MEADOWBRIDGE RD/POLE GREEN RD/EXIT 38,25,158
110+10921,I-295,NB,I-295 NB,US-301/VA-2/CHAMBERLAYNE RD,26,159
110P10921,I-295,NB,I-295 NB,US-301/VA-2/CHAMBERLAYNE RD,27,160
110+04953,I-295,NB,I-295 NB,HENRICO--HANOVER COUNTY BORDER (MECHANICSVILLE),28,161
110+04955,I-295,NB,I-295 NB,US-1/EXIT 43,30,163
110P04954,I-295,NB,I-295 NB,I-95 (RICHMOND)/EXIT 43,30.001,164
110P04955,I-295,NB,I-295 NB,US-1/EXIT 43,31,165
110+04956,I-295,NB,I-295 NB,WOODMAN RD/EXIT 45,32,166
110P04956,I-295,NB,I-295 NB,WOODMAN RD/EXIT 45,33,167
110+04957,I-295,NB,I-295 NB,US-33/EXIT 49,34,168
110P04957,I-295,NB,I-295 NB,US-33/EXIT 49,35,169
110+04958,I-295,NB,I-295 NB,NUCKOLS RD/EXIT 51,36,170
110P04958,I-295,NB,I-295 NB,NUCKOLS RD/EXIT 51,37,171
110+04959,I-295,NB,I-295 NB,I-64/EXIT 53,38,173
110-04958,I-295,SB,I-295 SB,NUCKOLS RD/EXIT 51,1,174
110N04958,I-295,SB,I-295 SB,NUCKOLS RD/EXIT 51,2,176
110-04957,I-295,SB,I-295 SB,US-33/EXIT 49,3,177
110N04957,I-295,SB,I-295 SB,US-33/EXIT 49,4,178
110-04956,I-295,SB,I-295 SB,WOODMAN RD/EXIT 45,5,179
110N04956,I-295,SB,I-295 SB,WOODMAN RD/EXIT 45,6,180
110-04955,I-295,SB,I-295 SB,US-1/EXIT 43,7,181
110N04955,I-295,SB,I-295 SB,US-1/EXIT 43,8,182
110-04954,I-295,SB,I-295 SB,I-95 (RICHMOND)/EXIT 43,9,183
110-04953,I-295,SB,I-295 SB,HENRICO--HANOVER COUNTY BORDER (MECHANICSVILLE),10,184
110N04954,I-295,SB,I-295 SB,I-95 (RICHMOND)/EXIT 43,10.001,185
110-10921,I-295,SB,I-295 SB,US-301/VA-2/CHAMBERLAYNE RD,11,186
110N10921,I-295,SB,I-295 SB,US-301/VA-2/CHAMBERLAYNE RD,12,187
110-10920,I-295,SB,I-295 SB,MEADOWBRIDGE RD/POLE GREEN RD/EXIT 38,13,188
110N10920,I-295,SB,I-295 SB,MEADOWBRIDGE RD/POLE GREEN RD/EXIT 38,14,189
110-10919,I-295,SB,I-295 SB,US-360/MECHANICSVILLE TPKE/EXIT 37,15,190
110N10919,I-295,SB,I-295 SB,US-360/MECHANICSVILLE TPKE/EXIT 37,16,191
110-10918,I-295,SB,I-295 SB,CREIGHTON RD/EXIT 34,17,192
110N10918,I-295,SB,I-295 SB,CREIGHTON RD/EXIT 34,18,193
110-04777,I-295,SB,I-295 SB,HENRICO--HANOVER COUNTY BORDER (HIGHLAND SPRINGS),19,194
110-04776,I-295,SB,I-295 SB,VA-156/EXIT 31,20,195
110N04776,I-295,SB,I-295 SB,VA-156/EXIT 31,21,196
110-04775,I-295,SB,I-295 SB,I-64/EXIT 28,22,197
110N04775,I-295,SB,I-295 SB,I-64/EXIT 28,23,198
110-04774,I-295,SB,I-295 SB,US-60/VA-33/VA-156/EXIT 28,24,199
110N04774,I-295,SB,I-295 SB,US-60/VA-33/VA-156/EXIT 28,25,200
110-15859,I-295,SB,I-295 SB,VA-895/POCAHONTAS PKWY,26,201
110N15859,I-295,SB,I-295 SB,VA-895/POCAHONTAS PKWY,27,202
110-04773,I-295,SB,I-295 SB,VA-5/EXIT 22,28,203
110N04773,I-295,SB,I-295 SB,VA-5/EXIT 22,29,204
110-04772,I-295,SB,I-295 SB,VA-10/EXIT 15,30,205
110N04772,I-295,SB,I-295 SB,VA-10/EXIT 15,31,206
110-16029,I-295,SB,I-295 SB,FREDERICK T GRAY BRIDGE,32,207
110N16029,I-295,SB,I-295 SB,FREDERICK T GRAY BRIDGE,33,208
110-04771,I-295,SB,I-295 SB,VA-36/EXIT 9,34,209
110N04771,I-295,SB,I-295 SB,VA-36/EXIT 9,35,210
110-04770,I-295,SB,I-295 SB,US-460/EXIT 3,36,211
110N04770,I-295,SB,I-295 SB,US-460/EXIT 3,37,212
110-04769,I-295,SB,I-295 SB,I-95/EXIT 1,38,214
110+09220,I-381,NB,I-381 NB,I-81/US-58,3,217
110-09219,I-381,SB,I-381 SB,KEYS ST/CHURCH ST,1,218
110+04121,I-395,NB,I-395 NB,EDSALL RD/EXIT 2,1,221
110P04121,I-395,NB,I-395 NB,EDSALL RD/EXIT 2,2,222
110+04122,I-395,NB,I-395 NB,VA-236/DUKE ST/EXIT 3,3,224
110P04122,I-395,NB,I-395 NB,VA-236/DUKE ST/EXIT 3,4,225
110+04123,I-395,NB,I-395 NB,SEMINARY RD/EXIT 4,5,226
110P04123,I-395,NB,I-395 NB,SEMINARY RD/EXIT 4,6,227
110+04124,I-395,NB,I-395 NB,VA-7/KING ST/EXIT 5,7,228
110P04124,I-395,NB,I-395 NB,VA-7/KING ST/EXIT 5,8,229
110+04125,I-395,NB,I-395 NB,QUAKER LN/EXIT 6,9,230
110P04125,I-395,NB,I-395 NB,QUAKER LN/EXIT 6,10,231
110+04126,I-395,NB,I-395 NB,VA-120/GLEBE RD/EXIT 7,11,232
110P04126,I-395,NB,I-395 NB,VA-120/GLEBE RD/EXIT 7,12,233
110+04127,I-395,NB,I-395 NB,VA-27/8TH ST/EXIT 8,13,234
110P04127,I-395,NB,I-395 NB,VA-27/8TH ST/EXIT 8,14,235
110+04670,I-395,NB,I-395 NB,EADS ST,15,236
110P04670,I-395,NB,I-395 NB,EADS ST,16,237
110+04128,I-395,NB,I-395 NB,VA-110/EXIT 9,17,238
110P04128,I-395,NB,I-395 NB,VA-110/EXIT 9,18,239
110+04129,I-395,NB,I-395 NB,BOUNDARY CHANNEL DR/10TH ST/EXIT 10,19,240
110P04129,I-395,NB,I-395 NB,BOUNDARY CHANNEL DR/10TH ST/EXIT 10,20,241
110+04130,I-395,NB,I-395 NB,11TH ST/EXIT 11,21,242
110P04130,I-395,NB,I-395 NB,11TH ST/EXIT 11,22,243
110N04129,I-395,SB,I-395 SB,BOUNDARY CHANNEL DR/10TH ST/EXIT 10,22,245
110-04128,I-395,SB,I-395 SB,VA-110/EXIT 9,23,246
110N04128,I-395,SB,I-395 SB,VA-110/EXIT 9,24,247
110-04670,I-395,SB,I-395 SB,EADS ST,25,248
110N04670,I-395,SB,I-395 SB,EADS ST,26,249
110-04127,I-395,SB,I-395 SB,VA-27/8TH ST/EXIT 8,27,250
110N04127,I-395,SB,I-395 SB,VA-27/8TH ST/EXIT 8,28,251
110-04126,I-395,SB,I-395 SB,VA-120/GLEBE RD/EXIT 7,29,252
110N04126,I-395,SB,I-395 SB,VA-120/GLEBE RD/EXIT 7,30,253
110-04125,I-395,SB,I-395 SB,QUAKER LN/EXIT 6,31,254
110N04125,I-395,SB,I-395 SB,QUAKER LN/EXIT 6,32,255
110-04124,I-395,SB,I-395 SB,VA-7/KING ST/EXIT 5,33,256
110N04124,I-395,SB,I-395 SB,VA-7/KING ST/EXIT 5,34,257
110-04123,I-395,SB,I-395 SB,SEMINARY RD/EXIT 4,35,259
110N04123,I-395,SB,I-395 SB,SEMINARY RD/EXIT 4,36,260
110-04122,I-395,SB,I-395 SB,VA-236/DUKE ST/EXIT 3,37,261
110N04122,I-395,SB,I-395 SB,VA-236/DUKE ST/EXIT 3,38,262
110-04121,I-395,SB,I-395 SB,EDSALL RD/EXIT 2,39,263
110N04121,I-395,SB,I-395 SB,EDSALL RD/EXIT 2,40,264
110-04120,I-395,SB,I-395 SB,I-95/I-495,41,265
110P04910,I-464,NB,I-464 NB,I-64/EXIT 1,2,266
110+04911,I-464,NB,I-464 NB,US-13/MILITARY HWY/EXIT 2,3,267
110P04911,I-464,NB,I-464 NB,US-13/MILITARY HWY/EXIT 2,4,268
110+04912,I-464,NB,I-464 NB,FREEMAN AVE/3RD ST/EXIT 3,5,269
110P04912,I-464,NB,I-464 NB,FREEMAN AVE/3RD ST/EXIT 3,6,270
110+04913,I-464,NB,I-464 NB,VA-337/POINDEXTER ST/EXIT 4,7,271
110P04913,I-464,NB,I-464 NB,VA-337/POINDEXTER ST/EXIT 4,8,272
110+04914,I-464,NB,I-464 NB,MAIN ST/EXIT 5,9,273
110P04914,I-464,NB,I-464 NB,MAIN ST/EXIT 5,10,274
110+04915,I-464,NB,I-464 NB,I-264/EXIT 6,11,275
110P04915,I-464,NB,I-464 NB,I-264/EXIT 6,12,276
110N04915,I-464,SB,I-464 SB,I-264/EXIT 6,1,277
110-04914,I-464,SB,I-464 SB,MAIN ST/EXIT 5,2,278
110N04914,I-464,SB,I-464 SB,MAIN ST/EXIT 5,3,279
110-04913,I-464,SB,I-464 SB,VA-337/POINDEXTER ST/EXIT 4,4,280
110N04913,I-464,SB,I-464 SB,VA-337/POINDEXTER ST/EXIT 4,5,281
110-04912,I-464,SB,I-464 SB,FREEMAN AVE/3RD ST/EXIT 3,6,282
110N04912,I-464,SB,I-464 SB,FREEMAN AVE/3RD ST/EXIT 3,7,283
110-04911,I-464,SB,I-464 SB,US-13/MILITARY HWY/EXIT 2,8,284
110N04911,I-464,SB,I-464 SB,US-13/MILITARY HWY/EXIT 2,9,285
110-04910,I-464,SB,I-464 SB,I-64/EXIT 1,10,286
110N04910,I-464,SB,I-464 SB,I-64/EXIT 1,11,287
110-04613,I-495,CCW,I-495 CCW,GEORGE WASHINGTON MEMORIAL PKWY/EXIT 14,29,288
110N04613,I-495,CCW,I-495 CCW,GEORGE WASHINGTON MEMORIAL PKWY/EXIT 14,30,289
110-04612,I-495,CCW,I-495 CCW,VA-193/GEORGETOWN PIKE/EXIT 13,30.5,290
110N04612,I-495,CCW,I-495 CCW,VA-193/GEORGETOWN PIKE/EXIT 13,31,291
110-04611,I-495,CCW,I-495 CCW,VA-267/EXIT 12,32,292
110N04611,I-495,CCW,I-495 CCW,VA-267/EXIT 12,33,293
110-04610,I-495,CCW,I-495 CCW,VA-123/CHAIN BRIDGE RD/EXIT 11,34,294
110N04610,I-495,CCW,I-495 CCW,VA-123/CHAIN BRIDGE RD/EXIT 11,35,295
110-04609,I-495,CCW,I-495 CCW,VA-7/LEESBURG PIKE/EXIT 10,36,296
110N04609,I-495,CCW,I-495 CCW,VA-7/LEESBURG PIKE/EXIT 10,37,297
110-04608,I-495,CCW,I-495 CCW,I-66/EXIT 9,38,298
110N04608,I-495,CCW,I-495 CCW,I-66/EXIT 9,39,299
110-04607,I-495,CCW,I-495 CCW,US-50/ARLINGTON BLVD/EXIT 8,40,300
110N04607,I-495,CCW,I-495 CCW,US-50/ARLINGTON BLVD/EXIT 8,41,301
110-04606,I-495,CCW,I-495 CCW,VA-650/GALLOWS RD/EXIT 7,42,302
110N04606,I-495,CCW,I-495 CCW,VA-650/GALLOWS RD/EXIT 7,43,303
110-04605,I-495,CCW,I-495 CCW,VA-236/LITTLE RIVER TPKE/EXIT 6,44,304
110N04605,I-495,CCW,I-495 CCW,VA-236/LITTLE RIVER TPKE/EXIT 6,45,305
110-04604,I-495,CCW,I-495 CCW,BRADDOCK RD/EXIT 5,46,306
110N04604,I-495,CCW,I-495 CCW,BRADDOCK RD/EXIT 5,47,307
110-04603,I-495,CCW,I-495 CCW,I-95/I-395/EXIT 57,48,308
110N04603,I-495,CCW,I-495 CCW,I-95/I-395/EXIT 57,49,309
110-04648,I-495,CCW,I-495 CCW,VAN DORN ST/EXIT 3,50,310
110N04648,I-495,CCW,I-495 CCW,VAN DORN ST/EXIT 3,51,311
110-04647,I-495,CCW,I-495 CCW,EISENHOWER AVE/EXIT 3,52,312
110N04647,I-495,CCW,I-495 CCW,EISENHOWER AVE/EXIT 3,53,313
110-04646,I-495,CCW,I-495 CCW,VA-241/TELEGRAPH RD/EXIT 2,54,314
110N04646,I-495,CCW,I-495 CCW,VA-241/TELEGRAPH RD/EXIT 2,55,315
110-04645,I-495,CCW,I-495 CCW,US-1/EXIT 1,56,316
110N04645,I-495,CCW,I-495 CCW,US-1/EXIT 1,57,317
110-04644,I-495,CCW,I-495 CCW,WOODROW WILSON MEMORIAL BRIDGE,58,318
110+04645,I-495,CW,I-495 CW,US-1/EXIT 1,48,319
110P04645,I-495,CW,I-495 CW,US-1/EXIT 1,49,320
110+04646,I-495,CW,I-495 CW,VA-241/TELEGRAPH RD/EXIT 2,50,321
110P04646,I-495,CW,I-495 CW,VA-241/TELEGRAPH RD/EXIT 2,51,322
110+04647,I-495,CW,I-495 CW,EISENHOWER AVE/EXIT 3,52,323
110P04647,I-495,CW,I-495 CW,EISENHOWER AVE/EXIT 3,53,324
110+04648,I-495,CW,I-495 CW,VAN DORN ST/EXIT 3,54,325
110P04648,I-495,CW,I-495 CW,VAN DORN ST/EXIT 3,55,326
110+04603,I-495,CW,I-495 CW,I-95/I-395/EXIT 57,56,327
110P04603,I-495,CW,I-495 CW,I-95/I-395/EXIT 57,57,328
110+04604,I-495,CW,I-495 CW,BRADDOCK RD/EXIT 5,58,329
110P04604,I-495,CW,I-495 CW,BRADDOCK RD/EXIT 5,59,330
110+04605,I-495,CW,I-495 CW,VA-236/LITTLE RIVER TPKE/EXIT 6,60,331
110P04605,I-495,CW,I-495 CW,VA-236/LITTLE RIVER TPKE/EXIT 6,61,332
110+04606,I-495,CW,I-495 CW,VA-650/GALLOWS RD/EXIT 7,62,333
110P04606,I-495,CW,I-495 CW,VA-650/GALLOWS RD/EXIT 7,63,334
110+04607,I-495,CW,I-495 CW,US-50/ARLINGTON BLVD/EXIT 8,64,335
110P04607,I-495,CW,I-495 CW,US-50/ARLINGTON BLVD/EXIT 8,65,336
110+04608,I-495,CW,I-495 CW,I-66/EXIT 9,66,337
110P04608,I-495,CW,I-495 CW,I-66/EXIT 9,67,338
110+04609,I-495,CW,I-495 CW,VA-7/LEESBURG PIKE/EXIT 10,68,339
110P04609,I-495,CW,I-495 CW,VA-7/LEESBURG PIKE/EXIT 10,69,340
110+04610,I-495,CW,I-495 CW,VA-123/CHAIN BRIDGE RD/EXIT 11,70,341
110P04610,I-495,CW,I-495 CW,VA-123/CHAIN BRIDGE RD/EXIT 11,71,342
110+04611,I-495,CW,I-495 CW,VA-267/EXIT 12,72,343
110P04611,I-495,CW,I-495 CW,VA-267/EXIT 12,73,344
110+04612,I-495,CW,I-495 CW,VA-193/GEORGETOWN PIKE/EXIT 13,74,345
110P04612,I-495,CW,I-495 CW,VA-193/GEORGETOWN PIKE/EXIT 13,75,346
110+04613,I-495,CW,I-495 CW,GEORGE WASHINGTON MEMORIAL PKWY/EXIT 14,76,347
110P04613,I-495,CW,I-495 CW,GEORGE WASHINGTON MEMORIAL PKWY/EXIT 14,77,348
110+04614,I-495,CW,I-495 CW,AMERICAN LEGION BRIDGE,78,349
110-04824,I-564,EB,I-564 EB,VA-406/INTERNATIONAL TERMINAL BLVD,2,351
110N04824,I-564,EB,I-564 EB,VA-406/INTERNATIONAL TERMINAL BLVD,3,352
110-04823,I-564,EB,I-564 EB,US-460,4,353
110N04823,I-564,EB,I-564 EB,US-460,5,354
110-04822,I-564,EB,I-564 EB,I-64/VA-165/LITTLE CREEK RD,6,356
110+04823,I-564,WB,I-564 WB,US-460,1,357
110P04823,I-564,WB,I-564 WB,US-460,2,359
110+04824,I-564,WB,I-564 WB,VA-406/INTERNATIONAL TERMINAL BLVD,3,360
110P04824,I-564,WB,I-564 WB,VA-406/INTERNATIONAL TERMINAL BLVD,4,361
110+04825,I-564,WB,I-564 WB,BAINBRIDGE AVE/BELLINGER BLVD,5,362
110P05017,I-581,NB,I-581 NB,VA-24/ELM AVE/6TH ST/EXIT 6,7,363
110+05018,I-581,NB,I-581 NB,US-220/US-11/5TH ST/EXIT 5,8,364
110P05018,I-581,NB,I-581 NB,US-220/US-11/5TH ST/EXIT 5,9,365
110+05019,I-581,NB,I-581 NB,US-460/ORANGE AVE/4TH ST/EXIT 4,10,366
110P05019,I-581,NB,I-581 NB,US-460/ORANGE AVE/4TH ST/EXIT 4,11,367
110+05020,I-581,NB,I-581 NB,VALLEY VIEW BLVD/EXIT 3,12,368
110P05020,I-581,NB,I-581 NB,VALLEY VIEW BLVD/EXIT 3,13,369
110+05021,I-581,NB,I-581 NB,HERSHBERGER RD/EXIT 3,14,370
110P05021,I-581,NB,I-581 NB,HERSHBERGER RD/EXIT 3,15,371
110+05022,I-581,NB,I-581 NB,VA-117/PETERS CREEK RD/EXIT 2,16,372
110P05022,I-581,NB,I-581 NB,VA-117/PETERS CREEK RD/EXIT 2,17,373
110+05023,I-581,NB,I-581 NB,I-81,18,375
110-05022,I-581,SB,I-581 SB,VA-117/PETERS CREEK RD/EXIT 2,1,376
110N05022,I-581,SB,I-581 SB,VA-117/PETERS CREEK RD/EXIT 2,2,378
110-05021,I-581,SB,I-581 SB,HERSHBERGER RD/EXIT 3,3,379
110N05021,I-581,SB,I-581 SB,HERSHBERGER RD/EXIT 3,4,380
110-05020,I-581,SB,I-581 SB,VALLEY VIEW BLVD/EXIT 3,5,381
110N05020,I-581,SB,I-581 SB,VALLEY VIEW BLVD/EXIT 3,6,382
110-05019,I-581,SB,I-581 SB,US-460/ORANGE AVE/4TH ST/EXIT 4,7,383
110N05019,I-581,SB,I-581 SB,US-460/ORANGE AVE/4TH ST/EXIT 4,8,384
110-05018,I-581,SB,I-581 SB,US-220/US-11/5TH ST/EXIT 5,9,385
110N05018,I-581,SB,I-581 SB,US-220/US-11/5TH ST/EXIT 5,10,386
110-05017,I-581,SB,I-581 SB,VA-24/ELM AVE/6TH ST/EXIT 6,11,387
110N05017,I-581,SB,I-581 SB,VA-24/ELM AVE/6TH ST/EXIT 6,12,388
110+05529,I-64,EB,I-64 EB,JERRYS RUN RD/EXIT 1,334.5,390
110P05529,I-64,EB,I-64 EB,JERRYS RUN RD/EXIT 1,335,391
110+05530,I-64,EB,I-64 EB,VA-661/EXIT 7,336,392
110P05530,I-64,EB,I-64 EB,VA-661/EXIT 7,337,393
110+05531,I-64,EB,I-64 EB,US-60/VA-159/EXIT 10,338,394
110P05531,I-64,EB,I-64 EB,US-60/VA-159/EXIT 10,339,395
110+05532,I-64,EB,I-64 EB,VA-154/EXIT 14,340,396
110P05532,I-64,EB,I-64 EB,VA-154/EXIT 14,341,397
110+05533,I-64,EB,I-64 EB,US-220/US-60/EXIT 16,342,398
110P05533,I-64,EB,I-64 EB,US-220/US-60/EXIT 16,343,399
110+05534,I-64,EB,I-64 EB,VA-696/EXIT 21,344,400
110P05534,I-64,EB,I-64 EB,VA-696/EXIT 21,345,401
110+05535,I-64,EB,I-64 EB,US-220/US-60/EXIT 24,346,402
110P05535,I-64,EB,I-64 EB,US-220/US-60/EXIT 24,347,403
110+05536,I-64,EB,I-64 EB,US-60 BUS/US-220/VA-629/EXIT 27,348,404
110P05536,I-64,EB,I-64 EB,US-60 BUS/US-220/VA-629/EXIT 27,349,405
110+05537,I-64,EB,I-64 EB,VA-269/EXIT 29,350,406
110P05537,I-64,EB,I-64 EB,VA-269/EXIT 29,351,407
110+05538,I-64,EB,I-64 EB,VA-269/EXIT 35,352,408
110P05538,I-64,EB,I-64 EB,VA-269/EXIT 35,353,409
110+05539,I-64,EB,I-64 EB,EXIT 43,354,410
110P05539,I-64,EB,I-64 EB,EXIT 43,355,411
110+05540,I-64,EB,I-64 EB,US-60/EXIT 50,356,412
110P05540,I-64,EB,I-64 EB,US-60/EXIT 50,357,413
110+05541,I-64,EB,I-64 EB,US-11/EXIT 55,358,414
110P05541,I-64,EB,I-64 EB,US-11/EXIT 55,359,415
110+05542,I-64,EB,I-64 EB,I-64/I-81/EXIT 56,360,416
110P05542,I-64,EB,I-64 EB,I-64/I-81/EXIT 56,360.001,417
110N05461,I-64,EB,I-64 EB,I-81/EXIT 87,375.5,418
110-05460,I-64,EB,I-64 EB,VA-608/VA-285/EXIT 91,376,419
110N05460,I-64,EB,I-64 EB,VA-608/VA-285/EXIT 91,377,420
110-05459,I-64,EB,I-64 EB,US-340/EXIT 94,378,421
110N05459,I-64,EB,I-64 EB,US-340/EXIT 94,379,422
110-05458,I-64,EB,I-64 EB,VA-624/EXIT 96,380,423
110N05458,I-64,EB,I-64 EB,VA-624/EXIT 96,381,424
110-05457,I-64,EB,I-64 EB,US-250/EXIT 99,382,425
110N05457,I-64,EB,I-64 EB,US-250/EXIT 99,383,426
110-05456,I-64,EB,I-64 EB,US-250/EXIT 107,384,427
110N05456,I-64,EB,I-64 EB,US-250/EXIT 107,385,428
110-05455,I-64,EB,I-64 EB,VA-637/EXIT 114,386,429
110N05455,I-64,EB,I-64 EB,VA-637/EXIT 114,387,430
110-05454,I-64,EB,I-64 EB,US-29/EXIT 118,388,431
110N05454,I-64,EB,I-64 EB,US-29/EXIT 118,389,432
110-05453,I-64,EB,I-64 EB,VA-631/EXIT 120,390,433
110N05453,I-64,EB,I-64 EB,VA-631/EXIT 120,391,434
110-05452,I-64,EB,I-64 EB,VA-20/EXIT 121,392,435
110N05452,I-64,EB,I-64 EB,VA-20/EXIT 121,393,436
110-05451,I-64,EB,I-64 EB,US-250/EXIT 124,394,437
110N05451,I-64,EB,I-64 EB,US-250/EXIT 124,395,438
110-05450,I-64,EB,I-64 EB,VA-616/EXIT 129,396,439
110N05450,I-64,EB,I-64 EB,VA-616/EXIT 129,397,440
110-05449,I-64,EB,I-64 EB,US-15/EXIT 136,398,441
110N05449,I-64,EB,I-64 EB,US-15/EXIT 136,399,442
110-05448,I-64,EB,I-64 EB,VA-208/EXIT 143,400,443
110N05448,I-64,EB,I-64 EB,VA-208/EXIT 143,401,444
110-05447,I-64,EB,I-64 EB,SHANNON HILL RD/EXIT 148,402,445
110N05447,I-64,EB,I-64 EB,SHANNON HILL RD/EXIT 148,403,446
110-05446,I-64,EB,I-64 EB,VA-629/EXIT 152,404,447
110N05446,I-64,EB,I-64 EB,VA-629/EXIT 152,405,448
110-05445,I-64,EB,I-64 EB,US-522/EXIT 159,406,449
110N05445,I-64,EB,I-64 EB,US-522/EXIT 159,407,450
110-05444,I-64,EB,I-64 EB,VA-617/EXIT 167,408,451
110N05444,I-64,EB,I-64 EB,VA-617/EXIT 167,409,452
110-05443,I-64,EB,I-64 EB,EXIT 173,410,453
110N05443,I-64,EB,I-64 EB,EXIT 173,411,454
110-05442,I-64,EB,I-64 EB,GOOCHLAND--HENRICO COUNTY BORDER,412,455
110-04951,I-64,EB,I-64 EB,I-295/EXIT 177,413,458
110N04951,I-64,EB,I-64 EB,I-295/EXIT 177,414,459
110-04950,I-64,EB,I-64 EB,US-250/EXIT 178,415,460
110N04950,I-64,EB,I-64 EB,US-250/EXIT 178,416,461
110-04949,I-64,EB,I-64 EB,GASKINS RD/EXIT 180,417,462
110N04949,I-64,EB,I-64 EB,GASKINS RD/EXIT 180,418,463
110-04948,I-64,EB,I-64 EB,PARHAM RD/EXIT 181,419,464
110N04948,I-64,EB,I-64 EB,PARHAM RD/EXIT 181,420,465
110-04947,I-64,EB,I-64 EB,VA-356/GLENSIDE DR/EXIT 183,421,466
110N04947,I-64,EB,I-64 EB,VA-356/GLENSIDE DR/EXIT 183,422,467
110-04946,I-64,EB,I-64 EB,US-250/BROAD ST/EXIT 183,423,468
110N04946,I-64,EB,I-64 EB,US-250/BROAD ST/EXIT 183,424,469
110-04945,I-64,EB,I-64 EB,DICKENS RD/EXIT 185,425,470
110N04945,I-64,EB,I-64 EB,DICKENS RD/EXIT 185,426,471
110-04944,I-64,EB,I-64 EB,US-33/STAPLES MILL RD/EXIT 185,427,472
110N04944,I-64,EB,I-64 EB,US-33/STAPLES MILL RD/EXIT 185,428,473
110-04943,I-64,EB,I-64 EB,I-195/I-95/W LABURNUM AVE/EXIT 186,429,475
110-04907,I-64,EB,I-64 EB,US-360/EXIT 192,432,477
110N04907,I-64,EB,I-64 EB,US-360/EXIT 192,433,478
110-04906,I-64,EB,I-64 EB,VA-33/NINE MILE RD/EXIT 193,434,479
110N04906,I-64,EB,I-64 EB,VA-33/NINE MILE RD/EXIT 193,435,480
110-04905,I-64,EB,I-64 EB,LABURNUM AVE/EXIT 195,436,481
110N04905,I-64,EB,I-64 EB,LABURNUM AVE/EXIT 195,437,482
110-04904,I-64,EB,I-64 EB,VA-156/EXIT 197,438,483
110N04904,I-64,EB,I-64 EB,VA-156/EXIT 197,439,484
110-04903,I-64,EB,I-64 EB,US-60/EXIT 200,440,485
110N04903,I-64,EB,I-64 EB,US-60/EXIT 200,441,486
110-04902,I-64,EB,I-64 EB,VA-33/VA-249/EXIT 205,442,487
110N04902,I-64,EB,I-64 EB,VA-33/VA-249/EXIT 205,443,488
110-04901,I-64,EB,I-64 EB,EXIT 211,444,489
110N04901,I-64,EB,I-64 EB,EXIT 211,445,490
110-04900,I-64,EB,I-64 EB,VA-155/EXIT 214,446,491
110N04900,I-64,EB,I-64 EB,VA-155/EXIT 214,447,492
110-04899,I-64,EB,I-64 EB,VA-33/EXIT 220,448,493
110N04899,I-64,EB,I-64 EB,VA-33/EXIT 220,449,494
110-04898,I-64,EB,I-64 EB,VA-30/EXIT 227,450,495
110N04898,I-64,EB,I-64 EB,VA-30/EXIT 227,451,496
110-04897,I-64,EB,I-64 EB,CROAKER RD/EXIT 231B,452,497
110N04897,I-64,EB,I-64 EB,CROAKER RD/EXIT 231B,453,498
110-04896,I-64,EB,I-64 EB,VA-646/EXIT 234,454,499
110N04896,I-64,EB,I-64 EB,VA-646/EXIT 234,455,500
110-04895,I-64,EB,I-64 EB,VA-143/EXIT 238,456,501
110N04895,I-64,EB,I-64 EB,VA-143/EXIT 238,457,502
110-04894,I-64,EB,I-64 EB,VA-199/EXIT 242,458,503
110N04894,I-64,EB,I-64 EB,VA-199/EXIT 242,459,504
110-04893,I-64,EB,I-64 EB,VA-143/EXIT 243,460,505
110N04893,I-64,EB,I-64 EB,VA-143/EXIT 243,460.1,506
110-04892,I-64,EB,I-64 EB,VA-143/EXIT 247,461,507
110N04892,I-64,EB,I-64 EB,VA-143/EXIT 247,462,508
110-04891,I-64,EB,I-64 EB,VA-238/EXIT 247,463,509
110N04891,I-64,EB,I-64 EB,VA-238/EXIT 247,464,510
110-04890,I-64,EB,I-64 EB,VA-105/FORT EUSTIS BLVD/EXIT 250,465,511
110N04890,I-64,EB,I-64 EB,VA-105/FORT EUSTIS BLVD/EXIT 250,466,512
110-04889,I-64,EB,I-64 EB,VA-143/JEFFERSON AVE/EXIT 255,467,513
110N04889,I-64,EB,I-64 EB,VA-143/JEFFERSON AVE/EXIT 255,468,514
110-04888,I-64,EB,I-64 EB,VICTORY BLVD/OLD OYSTER POINT RD/EXIT 256,469,515
110N04888,I-64,EB,I-64 EB,VICTORY BLVD/OLD OYSTER POINT RD/EXIT 256,470,516
110-04887,I-64,EB,I-64 EB,US-17/J CLYDE MORRIS BLVD/EXIT 258,471,517
110N04887,I-64,EB,I-64 EB,US-17/J CLYDE MORRIS BLVD/EXIT 258,472,518
110-04886,I-64,EB,I-64 EB,HAMPTON ROAD CENTER PKWY/EXIT 261,473,519
110N04886,I-64,EB,I-64 EB,HAMPTON ROAD CENTER PKWY/EXIT 261,474,520
110-04885,I-64,EB,I-64 EB,VA-134/EXIT 262,475,521
110N04885,I-64,EB,I-64 EB,VA-134/EXIT 262,476,522
110-04884,I-64,EB,I-64 EB,US-258/MERCURY BLVD/EXIT 263,477,523
110N04884,I-64,EB,I-64 EB,US-258/MERCURY BLVD/EXIT 263,478,524
110-04883,I-64,EB,I-64 EB,I-664/EXIT 264,479,525
110N04883,I-64,EB,I-64 EB,I-664/EXIT 264,480,526
110-04882,I-64,EB,I-64 EB,VA-167/LASALLE AVE/EXIT 265,481,527
110-04881,I-64,EB,I-64 EB,VA-134/ARMISTEAD AVE/EXIT 265,483,529
110N04881,I-64,EB,I-64 EB,VA-134/ARMISTEAD AVE/EXIT 265,484,530
110-04880,I-64,EB,I-64 EB,RIP RAP RD/EXIT 265,485,531
110N04880,I-64,EB,I-64 EB,RIP RAP RD/EXIT 265,486,532
110-04879,I-64,EB,I-64 EB,US-60/VA-143/EXIT 267,487,533
110N04879,I-64,EB,I-64 EB,US-60/VA-143/EXIT 267,488,534
110-04878,I-64,EB,I-64 EB,MALLORY ST/EXIT 268,489,535
110N04878,I-64,EB,I-64 EB,MALLORY ST/EXIT 268,490,536
110-04877,I-64,EB,I-64 EB,HAMPTON ROADS BRIDGE TUNNEL (HAMPTON),491,537
110N04877,I-64,EB,I-64 EB,HAMPTON ROADS BRIDGE TUNNEL (HAMPTON),492,538
110-04876,I-64,EB,I-64 EB,HAMPTON ROADS BRIDGE TUNNEL,493,539
110N04876,I-64,EB,I-64 EB,HAMPTON ROADS BRIDGE TUNNEL,494,540
110-04875,I-64,EB,I-64 EB,HAMPTON ROADS BRIDGE TUNNEL (NORFOLK),495,541
110N04875,I-64,EB,I-64 EB,HAMPTON ROADS BRIDGE TUNNEL (NORFOLK),496,542
110-04874,I-64,EB,I-64 EB,OCEAN VIEW AVE/EXIT 272,497,543
110N04874,I-64,EB,I-64 EB,OCEAN VIEW AVE/EXIT 272,498,544
110-04873,I-64,EB,I-64 EB,4TH VIEW ST/EXIT 273,499,545
110N04873,I-64,EB,I-64 EB,4TH VIEW ST/EXIT 273,500,546
110-04872,I-64,EB,I-64 EB,OCEAN AVE/EXIT 274,501,547
110N04872,I-64,EB,I-64 EB,OCEAN AVE/EXIT 274,502,548
110-04871,I-64,EB,I-64 EB,PATROL RD,503,549
110N04871,I-64,EB,I-64 EB,PATROL RD,504,550
110-04870,I-64,EB,I-64 EB,I-564/US-460/GRANBY ST/EXIT 276,505,551
110N04870,I-64,EB,I-64 EB,I-564/US-460/GRANBY ST/EXIT 276,506,552
110-04869,I-64,EB,I-64 EB,VA-165/LITTLE CREEK RD/EXIT 276,507,553
110N04869,I-64,EB,I-64 EB,VA-165/LITTLE CREEK RD/EXIT 276,508,554
110-04868,I-64,EB,I-64 EB,VA-168/TIDEWATER DR/EXIT 277,509,555
110N04868,I-64,EB,I-64 EB,VA-168/TIDEWATER DR/EXIT 277,510,556
110-04867,I-64,EB,I-64 EB,VA-194/CHESAPEAKE BLVD/EXIT 278,511,557
110N04867,I-64,EB,I-64 EB,VA-194/CHESAPEAKE BLVD/EXIT 278,512,558
110-04866,I-64,EB,I-64 EB,NORVIEW AVE/EXIT 279,513,559
110N04866,I-64,EB,I-64 EB,NORVIEW AVE/EXIT 279,514,560
110-04865,I-64,EB,I-64 EB,ROBIN HOOD RD/EXIT 281,515,561
110N04865,I-64,EB,I-64 EB,ROBIN HOOD RD/EXIT 281,516,562
110-04864,I-64,EB,I-64 EB,VA-165/MILITARY HWY/EXIT 281,517,563
110N04864,I-64,EB,I-64 EB,VA-165/MILITARY HWY/EXIT 281,518,564
110-04863,I-64,EB,I-64 EB,US-13/NORTHAMPTON BLVD/EXIT 282,519,565
110N04863,I-64,EB,I-64 EB,US-13/NORTHAMPTON BLVD/EXIT 282,520,566
110-16072,I-64,EB,I-64 EB,I-64 HOV,521,567
110N16072,I-64,EB,I-64 EB,I-64 HOV,522,568
110-04862,I-64,EB,I-64 EB,I-264/EXIT 284,523,569
110N04862,I-64,EB,I-64 EB,I-264/EXIT 284,524,570
110-04861,I-64,EB,I-64 EB,INDIAN RIVER RD/EXIT 286,525,573
110N04861,I-64,EB,I-64 EB,INDIAN RIVER RD/EXIT 286,526,574
110-04860,I-64,EB,I-64 EB,GREENBRIER PKWY/EXIT 289,527,575
110N04860,I-64,EB,I-64 EB,GREENBRIER PKWY/EXIT 289,528,576
110-04859,I-64,EB,I-64 EB,VA-168/BATTLEFIELD BLVD/EXIT 290,529,577
110N04859,I-64,EB,I-64 EB,VA-168/BATTLEFIELD BLVD/EXIT 290,530,578
110-04858,I-64,EB,I-64 EB,I-464/EXIT 291,531,579
110N04858,I-64,EB,I-64 EB,I-464/EXIT 291,532,580
110N04856,I-64,EB,I-64 EB,US-17/EXIT 296,536,581
110-04855,I-64,EB,I-64 EB,US-460/US-13/EXIT 297,537,582
110N04855,I-64,EB,I-64 EB,US-460/US-13/EXIT 297,538,583
110-04854,I-64,EB,I-64 EB,I-264/I-664/EXIT 299,539,585
110+04855,I-64,WB,I-64 WB,US-460/US-13/EXIT 297,2,586
110P04855,I-64,WB,I-64 WB,US-460/US-13/EXIT 297,3,588
110+04856,I-64,WB,I-64 WB,US-17/EXIT 296,4,589
110P04856,I-64,WB,I-64 WB,US-17/EXIT 296,5,590
110+04857,I-64,WB,I-64 WB,VA-190/EXIT 292,6,591
110P04857,I-64,WB,I-64 WB,VA-190/EXIT 292,7,592
110+04858,I-64,WB,I-64 WB,I-464/EXIT 291,8,593
110P04858,I-64,WB,I-64 WB,I-464/EXIT 291,9,594
110+04859,I-64,WB,I-64 WB,VA-168/BATTLEFIELD BLVD/EXIT 290,10,595
110P04859,I-64,WB,I-64 WB,VA-168/BATTLEFIELD BLVD/EXIT 290,11,596
110+04860,I-64,WB,I-64 WB,GREENBRIER PKWY/EXIT 289,12,597
110P04860,I-64,WB,I-64 WB,GREENBRIER PKWY/EXIT 289,13,598
110+04861,I-64,WB,I-64 WB,INDIAN RIVER RD/EXIT 286,14,599
110P04861,I-64,WB,I-64 WB,INDIAN RIVER RD/EXIT 286,15,600
110+04862,I-64,WB,I-64 WB,I-264/EXIT 284,16,602
110P04862,I-64,WB,I-64 WB,I-264/EXIT 284,17,604
110+16072,I-64,WB,I-64 WB,I-64 HOV,18,605
110P16072,I-64,WB,I-64 WB,I-64 HOV,19,606
110+04863,I-64,WB,I-64 WB,US-13/NORTHAMPTON BLVD/EXIT 282,20,607
110P04863,I-64,WB,I-64 WB,US-13/NORTHAMPTON BLVD/EXIT 282,21,608
110+04864,I-64,WB,I-64 WB,VA-165/MILITARY HWY/EXIT 281,22,609
110+04865,I-64,WB,I-64 WB,ROBIN HOOD RD/EXIT 281,24,611
110P04865,I-64,WB,I-64 WB,ROBIN HOOD RD/EXIT 281,25,612
110+04866,I-64,WB,I-64 WB,NORVIEW AVE/EXIT 279,26,613
110P04866,I-64,WB,I-64 WB,NORVIEW AVE/EXIT 279,27,614
110+04867,I-64,WB,I-64 WB,VA-194/CHESAPEAKE BLVD/EXIT 278,28,615
110P04867,I-64,WB,I-64 WB,VA-194/CHESAPEAKE BLVD/EXIT 278,29,616
110+04868,I-64,WB,I-64 WB,VA-168/TIDEWATER DR/EXIT 277,30,617
110P04868,I-64,WB,I-64 WB,VA-168/TIDEWATER DR/EXIT 277,31,618
110+04869,I-64,WB,I-64 WB,VA-165/LITTLE CREEK RD/EXIT 276,32,619
110P04869,I-64,WB,I-64 WB,VA-165/LITTLE CREEK RD/EXIT 276,33,620
110+04870,I-64,WB,I-64 WB,I-564/US-460/GRANBY ST/EXIT 276,34,621
110P04870,I-64,WB,I-64 WB,I-564/US-460/GRANBY ST/EXIT 276,35,622
110+04871,I-64,WB,I-64 WB,PATROL RD,36,623
110P04871,I-64,WB,I-64 WB,PATROL RD,37,624
110+04872,I-64,WB,I-64 WB,OCEAN AVE/EXIT 274,38,625
110P04872,I-64,WB,I-64 WB,OCEAN AVE/EXIT 274,39,626
110+04873,I-64,WB,I-64 WB,4TH VIEW ST/EXIT 273,40,627
110P04873,I-64,WB,I-64 WB,4TH VIEW ST/EXIT 273,41,628
110+04874,I-64,WB,I-64 WB,OCEAN VIEW AVE/EXIT 272,42,629
110P04874,I-64,WB,I-64 WB,OCEAN VIEW AVE/EXIT 272,43,630
110+04875,I-64,WB,I-64 WB,HAMPTON ROADS BRIDGE TUNNEL (NORFOLK),44,631
110P04875,I-64,WB,I-64 WB,HAMPTON ROADS BRIDGE TUNNEL (NORFOLK),45,632
110+04876,I-64,WB,I-64 WB,HAMPTON ROADS BRIDGE TUNNEL,46,633
110P04876,I-64,WB,I-64 WB,HAMPTON ROADS BRIDGE TUNNEL,47,634
110+04877,I-64,WB,I-64 WB,HAMPTON ROADS BRIDGE TUNNEL (HAMPTON),48,635
110P04877,I-64,WB,I-64 WB,HAMPTON ROADS BRIDGE TUNNEL (HAMPTON),49,636
110+04878,I-64,WB,I-64 WB,MALLORY ST/EXIT 268,50,637
110P04878,I-64,WB,I-64 WB,MALLORY ST/EXIT 268,51,638
110+04879,I-64,WB,I-64 WB,US-60/VA-143/EXIT 267,52,639
110P04879,I-64,WB,I-64 WB,US-60/VA-143/EXIT 267,53,640
110+04880,I-64,WB,I-64 WB,RIP RAP RD/EXIT 265,54,641
110P04880,I-64,WB,I-64 WB,RIP RAP RD/EXIT 265,55,642
110+04881,I-64,WB,I-64 WB,VA-134/ARMISTEAD AVE/EXIT 265,56,643
110P04881,I-64,WB,I-64 WB,VA-134/ARMISTEAD AVE/EXIT 265,57,644
110+04882,I-64,WB,I-64 WB,VA-167/LASALLE AVE/EXIT 265,58,645
110P04882,I-64,WB,I-64 WB,VA-167/LASALLE AVE/EXIT 265,59,646
110+04883,I-64,WB,I-64 WB,I-664/EXIT 264,60,647
110P04883,I-64,WB,I-64 WB,I-664/EXIT 264,61,648
110+04884,I-64,WB,I-64 WB,US-258/MERCURY BLVD/EXIT 263,62,649
110P04884,I-64,WB,I-64 WB,US-258/MERCURY BLVD/EXIT 263,63,650
110+04885,I-64,WB,I-64 WB,VA-134/EXIT 262,64,651
110P04885,I-64,WB,I-64 WB,VA-134/EXIT 262,65,652
110+04886,I-64,WB,I-64 WB,HAMPTON ROAD CENTER PKWY/EXIT 261,66,653
110P04886,I-64,WB,I-64 WB,HAMPTON ROAD CENTER PKWY/EXIT 261,67,654
110+04887,I-64,WB,I-64 WB,US-17/J CLYDE MORRIS BLVD/EXIT 258,68,655
110P04887,I-64,WB,I-64 WB,US-17/J CLYDE MORRIS BLVD/EXIT 258,69,656
110+04888,I-64,WB,I-64 WB,VICTORY BLVD/OLD OYSTER POINT RD/EXIT 256,70,657
110P04888,I-64,WB,I-64 WB,VICTORY BLVD/OLD OYSTER POINT RD/EXIT 256,71,658
110+04889,I-64,WB,I-64 WB,VA-143/JEFFERSON AVE/EXIT 255,72,659
110P04889,I-64,WB,I-64 WB,VA-143/JEFFERSON AVE/EXIT 255,73,660
110+04890,I-64,WB,I-64 WB,VA-105/FORT EUSTIS BLVD/EXIT 250,74,661
110P04890,I-64,WB,I-64 WB,VA-105/FORT EUSTIS BLVD/EXIT 250,75,662
110+04891,I-64,WB,I-64 WB,VA-238/EXIT 247,76,663
110P04891,I-64,WB,I-64 WB,VA-238/EXIT 247,77,664
110+04892,I-64,WB,I-64 WB,VA-143/EXIT 247,78,665
110P04892,I-64,WB,I-64 WB,VA-143/EXIT 247,79,666
110+04893,I-64,WB,I-64 WB,VA-143/EXIT 243,80,667
110P04893,I-64,WB,I-64 WB,VA-143/EXIT 243,80.1,668
110+04894,I-64,WB,I-64 WB,VA-199/EXIT 242,81,669
110P04894,I-64,WB,I-64 WB,VA-199/EXIT 242,82,670
110+04895,I-64,WB,I-64 WB,VA-143/EXIT 238,83,671
110P04895,I-64,WB,I-64 WB,VA-143/EXIT 238,84,672
110+04896,I-64,WB,I-64 WB,VA-646/EXIT 234,85,673
110P04896,I-64,WB,I-64 WB,VA-646/EXIT 234,86,674
110+04897,I-64,WB,I-64 WB,CROAKER RD/EXIT 231B,87,675
110P04897,I-64,WB,I-64 WB,CROAKER RD/EXIT 231B,88,676
110+04898,I-64,WB,I-64 WB,VA-30/EXIT 227,89,677
110P04898,I-64,WB,I-64 WB,VA-30/EXIT 227,90,678
110+04899,I-64,WB,I-64 WB,VA-33/EXIT 220,91,679
110P04899,I-64,WB,I-64 WB,VA-33/EXIT 220,92,680
110+04900,I-64,WB,I-64 WB,VA-155/EXIT 214,93,681
110P04900,I-64,WB,I-64 WB,VA-155/EXIT 214,94,682
110+04901,I-64,WB,I-64 WB,EXIT 211,95,683
110P04901,I-64,WB,I-64 WB,EXIT 211,96,684
110+04902,I-64,WB,I-64 WB,VA-33/VA-249/EXIT 205,97,685
110P04902,I-64,WB,I-64 WB,VA-33/VA-249/EXIT 205,98,686
110+04903,I-64,WB,I-64 WB,US-60/EXIT 200,99,687
110P04903,I-64,WB,I-64 WB,US-60/EXIT 200,100,688
110+04904,I-64,WB,I-64 WB,VA-156/EXIT 197,101,689
110P04904,I-64,WB,I-64 WB,VA-156/EXIT 197,102,690
110+04905,I-64,WB,I-64 WB,LABURNUM AVE/EXIT 195,103,691
110P04905,I-64,WB,I-64 WB,LABURNUM AVE/EXIT 195,104,692
110+04906,I-64,WB,I-64 WB,VA-33/NINE MILE RD/EXIT 193,105,693
110P04906,I-64,WB,I-64 WB,VA-33/NINE MILE RD/EXIT 193,106,694
110+04907,I-64,WB,I-64 WB,US-360/EXIT 192,107,695
110P04907,I-64,WB,I-64 WB,US-360/EXIT 192,108,696
110+04908,I-64,WB,I-64 WB,I-95/EXIT 190,109,697
110P04908,I-64,WB,I-64 WB,I-95/EXIT 190,110,698
110+04944,I-64,WB,I-64 WB,US-33/STAPLES MILL RD/EXIT 185,112,700
110P04944,I-64,WB,I-64 WB,US-33/STAPLES MILL RD/EXIT 185,113,701
110+04945,I-64,WB,I-64 WB,DICKENS RD/EXIT 185,114,702
110P04945,I-64,WB,I-64 WB,DICKENS RD/EXIT 185,115,703
110+04946,I-64,WB,I-64 WB,US-250/BROAD ST/EXIT 183,116,704
110P04946,I-64,WB,I-64 WB,US-250/BROAD ST/EXIT 183,117,705
110+04947,I-64,WB,I-64 WB,VA-356/GLENSIDE DR/EXIT 183,118,706
110P04947,I-64,WB,I-64 WB,VA-356/GLENSIDE DR/EXIT 183,119,707
110+04948,I-64,WB,I-64 WB,PARHAM RD/EXIT 181,120,708
110P04948,I-64,WB,I-64 WB,PARHAM RD/EXIT 181,121,709
110+04949,I-64,WB,I-64 WB,GASKINS RD/EXIT 180,122,710
110P04949,I-64,WB,I-64 WB,GASKINS RD/EXIT 180,123,711
110+04950,I-64,WB,I-64 WB,US-250/EXIT 178,124,712
110P04950,I-64,WB,I-64 WB,US-250/EXIT 178,125,713
110+04951,I-64,WB,I-64 WB,I-295/EXIT 177,126,714
110P04951,I-64,WB,I-64 WB,I-295/EXIT 177,127,715
110+04952,I-64,WB,I-64 WB,HENRICO--GOOCHLAND COUNTY BORDER,128,716
110+05443,I-64,WB,I-64 WB,EXIT 173,129,719
110P05443,I-64,WB,I-64 WB,EXIT 173,130,720
110+05444,I-64,WB,I-64 WB,VA-617/EXIT 167,131,721
110P05444,I-64,WB,I-64 WB,VA-617/EXIT 167,132,722
110+05445,I-64,WB,I-64 WB,US-522/EXIT 159,133,723
110P05445,I-64,WB,I-64 WB,US-522/EXIT 159,134,724
110+05446,I-64,WB,I-64 WB,VA-629/EXIT 152,135,725
110P05446,I-64,WB,I-64 WB,VA-629/EXIT 152,136,726
110+05447,I-64,WB,I-64 WB,SHANNON HILL RD/EXIT 148,137,727
110P05447,I-64,WB,I-64 WB,SHANNON HILL RD/EXIT 148,138,728
110+05448,I-64,WB,I-64 WB,VA-208/EXIT 143,139,729
110P05448,I-64,WB,I-64 WB,VA-208/EXIT 143,140,730
110+05449,I-64,WB,I-64 WB,US-15/EXIT 136,141,731
110P05449,I-64,WB,I-64 WB,US-15/EXIT 136,142,732
110+05450,I-64,WB,I-64 WB,VA-616/EXIT 129,143,733
110P05450,I-64,WB,I-64 WB,VA-616/EXIT 129,144,734
110+05451,I-64,WB,I-64 WB,US-250/EXIT 124,145,735
110P05451,I-64,WB,I-64 WB,US-250/EXIT 124,146,736
110+05452,I-64,WB,I-64 WB,VA-20/EXIT 121,147,737
110P05452,I-64,WB,I-64 WB,VA-20/EXIT 121,148,738
110+05453,I-64,WB,I-64 WB,VA-631/EXIT 120,149,739
110P05453,I-64,WB,I-64 WB,VA-631/EXIT 120,150,740
110+05454,I-64,WB,I-64 WB,US-29/EXIT 118,151,741
110P05454,I-64,WB,I-64 WB,US-29/EXIT 118,152,742
110+05455,I-64,WB,I-64 WB,VA-637/EXIT 114,153,743
110P05455,I-64,WB,I-64 WB,VA-637/EXIT 114,154,744
110+05456,I-64,WB,I-64 WB,US-250/EXIT 107,155,745
110P05456,I-64,WB,I-64 WB,US-250/EXIT 107,156,746
110+05457,I-64,WB,I-64 WB,US-250/EXIT 99,157,747
110P05457,I-64,WB,I-64 WB,US-250/EXIT 99,158,748
110+05458,I-64,WB,I-64 WB,VA-624/EXIT 96,159,749
110P05458,I-64,WB,I-64 WB,VA-624/EXIT 96,160,750
110+05459,I-64,WB,I-64 WB,US-340/EXIT 94,161,751
110P05459,I-64,WB,I-64 WB,US-340/EXIT 94,162,752
110+05460,I-64,WB,I-64 WB,VA-608/VA-285/EXIT 91,163,753
110P05460,I-64,WB,I-64 WB,VA-608/VA-285/EXIT 91,164,754
110+05461,I-64,WB,I-64 WB,I-81/EXIT 87,165,755
110P05461,I-64,WB,I-64 WB,I-81/EXIT 87,165.001,756
110-05541,I-64,WB,I-64 WB,US-11/EXIT 55,181,757
110N05541,I-64,WB,I-64 WB,US-11/EXIT 55,182,758
110-05540,I-64,WB,I-64 WB,US-60/EXIT 50,183,759
110N05540,I-64,WB,I-64 WB,US-60/EXIT 50,184,760
110-05539,I-64,WB,I-64 WB,EXIT 43,185,761
110N05539,I-64,WB,I-64 WB,EXIT 43,186,762
110-05538,I-64,WB,I-64 WB,VA-269/EXIT 35,187,763
110N05538,I-64,WB,I-64 WB,VA-269/EXIT 35,188,764
110-05537,I-64,WB,I-64 WB,VA-269/EXIT 29,189,765
110N05537,I-64,WB,I-64 WB,VA-269/EXIT 29,190,766
110-05536,I-64,WB,I-64 WB,US-60 BUS/US-220/VA-629/EXIT 27,191,767
110N05536,I-64,WB,I-64 WB,US-60 BUS/US-220/VA-629/EXIT 27,192,768
110-05535,I-64,WB,I-64 WB,US-220/US-60/EXIT 24,193,769
110N05535,I-64,WB,I-64 WB,US-220/US-60/EXIT 24,194,770
110-05534,I-64,WB,I-64 WB,VA-696/EXIT 21,195,771
110N05534,I-64,WB,I-64 WB,VA-696/EXIT 21,196,772
110-05533,I-64,WB,I-64 WB,US-220/US-60/EXIT 16,197,773
110N05533,I-64,WB,I-64 WB,US-220/US-60/EXIT 16,198,774
110-05532,I-64,WB,I-64 WB,VA-154/EXIT 14,199,775
110N05532,I-64,WB,I-64 WB,VA-154/EXIT 14,200,776
110-05531,I-64,WB,I-64 WB,US-60/VA-159/EXIT 10,201,777
110N05531,I-64,WB,I-64 WB,US-60/VA-159/EXIT 10,202,778
110-05530,I-64,WB,I-64 WB,VA-661/EXIT 7,203,779
110N05530,I-64,WB,I-64 WB,VA-661/EXIT 7,204,780
110-05529,I-64,WB,I-64 WB,JERRYS RUN RD/EXIT 1,205,781
110N05529,I-64,WB,I-64 WB,JERRYS RUN RD/EXIT 1,206,782
110-05528,I-64,WB,I-64 WB,VA--WV STATE BORDER,207,783
110+05495,I-64/I-81,NB,I-64/I-81 NB,US-11/LEE HWY/EXIT 195,362,786
110P05495,I-64/I-81,NB,I-64/I-81 NB,US-11/LEE HWY/EXIT 195,363,787
110+05496,I-64/I-81,NB,I-64/I-81 NB,VA-710/EXIT 200,364,788
110P05496,I-64/I-81,NB,I-64/I-81 NB,VA-710/EXIT 200,365,789
110+05497,I-64/I-81,NB,I-64/I-81 NB,VA-606/EXIT 205,366,790
110P05497,I-64/I-81,NB,I-64/I-81 NB,VA-606/EXIT 205,367,791
110+05498,I-64/I-81,NB,I-64/I-81 NB,US-11/EXIT 213,368,792
110P05498,I-64/I-81,NB,I-64/I-81 NB,US-11/EXIT 213,369,793
110+05499,I-64/I-81,NB,I-64/I-81 NB,EXIT 217,370,794
110P05499,I-64/I-81,NB,I-64/I-81 NB,EXIT 217,371,795
110+05500,I-64/I-81,NB,I-64/I-81 NB,VA-262/EXIT 220,372,796
110P05500,I-64/I-81,NB,I-64/I-81 NB,VA-262/EXIT 220,373,797
110+05501,I-64/I-81,NB,I-64/I-81 NB,I-64/EXIT 221,374,798
110-05500,I-64/I-81,SB,I-64/I-81 SB,VA-262/EXIT 220,167,801
110N05500,I-64/I-81,SB,I-64/I-81 SB,VA-262/EXIT 220,168,802
110-05499,I-64/I-81,SB,I-64/I-81 SB,EXIT 217,169,803
110N05499,I-64/I-81,SB,I-64/I-81 SB,EXIT 217,170,804
110-05498,I-64/I-81,SB,I-64/I-81 SB,US-11/EXIT 213,171,805
110N05498,I-64/I-81,SB,I-64/I-81 SB,US-11/EXIT 213,172,806
110-05497,I-64/I-81,SB,I-64/I-81 SB,VA-606/EXIT 205,173,807
110N05497,I-64/I-81,SB,I-64/I-81 SB,VA-606/EXIT 205,174,808
110-05496,I-64/I-81,SB,I-64/I-81 SB,VA-710/EXIT 200,175,809
110N05496,I-64/I-81,SB,I-64/I-81 SB,VA-710/EXIT 200,176,810
110-05495,I-64/I-81,SB,I-64/I-81 SB,US-11/LEE HWY/EXIT 195,177,811
110N05495,I-64/I-81,SB,I-64/I-81 SB,US-11/LEE HWY/EXIT 195,178,812
110-05494,I-64/I-81,SB,I-64/I-81 SB,I-64/EXIT 191,179,813
110P04791,I-64/I-95,NB,I-64/I-95 NB,I-64/I-95 (RICHMOND) (SOUTH),605.1,814
110+04792,I-64/I-95,NB,I-64/I-95 NB,CHAMBERLAYNE AVE/EXIT 76,606,815
110P04792,I-64/I-95,NB,I-64/I-95 NB,CHAMBERLAYNE AVE/EXIT 76,607,816
110+04793,I-64/I-95,NB,I-64/I-95 NB,US-301/US-1/N BELVIDERE ST/EXIT 76,608,817
110P04793,I-64/I-95,NB,I-64/I-95 NB,US-301/US-1/N BELVIDERE ST/EXIT 76,609,818
110+04794,I-64/I-95,NB,I-64/I-95 NB,HERMITAGE RD/EXIT 78,610,819
110P04794,I-64/I-95,NB,I-64/I-95 NB,HERMITAGE RD/EXIT 78,611,820
110+04795,I-64/I-95,NB,I-64/I-95 NB,VA-161/BOULEVARD/EXIT 78,612,821
110P04795,I-64/I-95,NB,I-64/I-95 NB,VA-161/BOULEVARD/EXIT 78,613,822
110+04796,I-64/I-95,NB,I-64/I-95 NB,I-95 (RICHMOND) (NORTH)/I-64,614,824
110-04795,I-64/I-95,SB,I-64/I-95 SB,VA-161/BOULEVARD/EXIT 78,912,825
110N04795,I-64/I-95,SB,I-64/I-95 SB,VA-161/BOULEVARD/EXIT 78,913,827
110-04794,I-64/I-95,SB,I-64/I-95 SB,HERMITAGE RD/EXIT 78,914,828
110N04794,I-64/I-95,SB,I-64/I-95 SB,HERMITAGE RD/EXIT 78,915,829
110-04793,I-64/I-95,SB,I-64/I-95 SB,US-301/US-1/N BELVIDERE ST/EXIT 76,916,830
110N04793,I-64/I-95,SB,I-64/I-95 SB,US-301/US-1/N BELVIDERE ST/EXIT 76,917,831
110-04792,I-64/I-95,SB,I-64/I-95 SB,CHAMBERLAYNE AVE/EXIT 76,918,832
110N04792,I-64/I-95,SB,I-64/I-95 SB,CHAMBERLAYNE AVE/EXIT 76,919,833
110-04791,I-64/I-95,SB,I-64/I-95 SB,I-64/I-95 (RICHMOND) (SOUTH),920,834
110N04791,I-64/I-95,SB,I-64/I-95 SB,I-64/I-95 (RICHMOND) (SOUTH),921,835
110-05504,I-66,EB,I-66 EB,US-522/US-340/EXIT 6,1,836
110N05504,I-66,EB,I-66 EB,US-522/US-340/EXIT 6,2,838
110-05503,I-66,EB,I-66 EB,VA-55/VA-79/EXIT 13,3,839
110N05503,I-66,EB,I-66 EB,VA-55/VA-79/EXIT 13,4,840
110-05502,I-66,EB,I-66 EB,WARREN--FAUQUIER COUNTY BORDER,5,841
110-04193,I-66,EB,I-66 EB,VA-688/EXIT 18,7,844
110N04193,I-66,EB,I-66 EB,VA-688/EXIT 18,8,845
110-04192,I-66,EB,I-66 EB,VA-731/EXIT 23,9,846
110N04192,I-66,EB,I-66 EB,VA-731/EXIT 23,10,847
110-04191,I-66,EB,I-66 EB,US-17/VA-55/EXIT 23,11,848
110N04191,I-66,EB,I-66 EB,US-17/VA-55/EXIT 23,12,849
110-04190,I-66,EB,I-66 EB,VA-55/FREE STATE RD/EXIT 27,13,850
110N04190,I-66,EB,I-66 EB,VA-55/FREE STATE RD/EXIT 27,14,851
110-04189,I-66,EB,I-66 EB,US-17/EXIT 28,15,852
110N04189,I-66,EB,I-66 EB,US-17/EXIT 28,16,853
110-04188,I-66,EB,I-66 EB,VA-245/EXIT 31,17,854
110N04188,I-66,EB,I-66 EB,VA-245/EXIT 31,18,855
110-04187,I-66,EB,I-66 EB,US-15/EXIT 40,19,856
110N04187,I-66,EB,I-66 EB,US-15/EXIT 40,20,857
110-04186,I-66,EB,I-66 EB,US-29/EXIT 43,21,858
110N04186,I-66,EB,I-66 EB,US-29/EXIT 43,22,859
110-04185,I-66,EB,I-66 EB,VA-234/PRINCE WILLIAM PKWY/EXIT 44,23,860
110N04185,I-66,EB,I-66 EB,VA-234/PRINCE WILLIAM PKWY/EXIT 44,24,861
110-04184,I-66,EB,I-66 EB,VA-234/EXIT 47,25,862
110N04184,I-66,EB,I-66 EB,VA-234/EXIT 47,26,863
110-04183,I-66,EB,I-66 EB,US-29/EXIT 52,27,864
110N04183,I-66,EB,I-66 EB,US-29/EXIT 52,28,865
110-04182,I-66,EB,I-66 EB,VA-28/EXIT 53,29,866
110N04182,I-66,EB,I-66 EB,VA-28/EXIT 53,30,867
110-04181,I-66,EB,I-66 EB,VA-286/FAIRFAX COUNTY PKWY/EXIT 55,31,868
110N04181,I-66,EB,I-66 EB,VA-286/FAIRFAX COUNTY PKWY/EXIT 55,32,869
110-04180,I-66,EB,I-66 EB,MONUMENT DR,33,870
110N04180,I-66,EB,I-66 EB,MONUMENT DR,34,871
110-04179,I-66,EB,I-66 EB,US-50/EXIT 57,35,872
110N04179,I-66,EB,I-66 EB,US-50/EXIT 57,36,873
110-04178,I-66,EB,I-66 EB,VA-123/EXIT 60,37,874
110N04178,I-66,EB,I-66 EB,VA-123/EXIT 60,38,875
110-04177,I-66,EB,I-66 EB,VADEN DR/EXIT 62,39,876
110-04176,I-66,EB,I-66 EB,VA-243/NUTLEY ST/EXIT 62,40,877
110N04177,I-66,EB,I-66 EB,VADEN DR/EXIT 62,40.001,878
110N04176,I-66,EB,I-66 EB,VA-243/NUTLEY ST/EXIT 62,41,879
110-04175,I-66,EB,I-66 EB,I-495/EXIT 64,42,880
110N04175,I-66,EB,I-66 EB,I-495/EXIT 64,43,881
110-04174,I-66,EB,I-66 EB,VA-7/LEESBURG PIKE/EXIT 66,44,882
110N04174,I-66,EB,I-66 EB,VA-7/LEESBURG PIKE/EXIT 66,45,883
110-04173,I-66,EB,I-66 EB,VA-267/EXIT 67,46,884
110N04173,I-66,EB,I-66 EB,VA-267/EXIT 67,47,885
110-04172,I-66,EB,I-66 EB,WESTMORELAND ST/EXIT 68,48,886
110N04172,I-66,EB,I-66 EB,WESTMORELAND ST/EXIT 68,49,887
110-04171,I-66,EB,I-66 EB,25TH ST,50,888
110N04171,I-66,EB,I-66 EB,25TH ST,51,889
110-04170,I-66,EB,I-66 EB,US-29/VA-237/EXIT 69,52,890
110N04170,I-66,EB,I-66 EB,US-29/VA-237/EXIT 69,53,891
110-04169,I-66,EB,I-66 EB,SYCAMORE ST/EXIT 69,54,892
110N04169,I-66,EB,I-66 EB,SYCAMORE ST/EXIT 69,55,893
110-04168,I-66,EB,I-66 EB,FAIRFAX DR/EXIT 71,56,894
110N04168,I-66,EB,I-66 EB,FAIRFAX DR/EXIT 71,57,895
110-04167,I-66,EB,I-66 EB,VA-120/GLEBE RD,58,896
110N04167,I-66,EB,I-66 EB,VA-120/GLEBE RD,59,897
110-04166,I-66,EB,I-66 EB,US-29/LEE HWY/EXIT 72,60,898
110N04166,I-66,EB,I-66 EB,US-29/LEE HWY/EXIT 72,61,899
110-04165,I-66,EB,I-66 EB,SCOTT ST,62,900
110N04165,I-66,EB,I-66 EB,SCOTT ST,63,901
110-04164,I-66,EB,I-66 EB,US-29/LEE HWY/EXIT 73,64,902
110N04164,I-66,EB,I-66 EB,US-29/LEE HWY/EXIT 73,65,903
110-04163,I-66,EB,I-66 EB,VA-110/EXIT 75,66,904
110N04163,I-66,EB,I-66 EB,VA-110/EXIT 75,67,905
110-04162,I-66,EB,I-66 EB,US-50/ARLINGTON MEMORIAL BRIDGE,68,906
110+04163,I-66,WB,I-66 WB,VA-110/EXIT 75,4,909
110P04163,I-66,WB,I-66 WB,VA-110/EXIT 75,5,910
110+04164,I-66,WB,I-66 WB,US-29/LEE HWY/EXIT 73,6,911
110P04164,I-66,WB,I-66 WB,US-29/LEE HWY/EXIT 73,7,912
110+04165,I-66,WB,I-66 WB,SCOTT ST,8,913
110P04165,I-66,WB,I-66 WB,SCOTT ST,9,914
110+04166,I-66,WB,I-66 WB,US-29/LEE HWY/EXIT 72,10,915
110P04166,I-66,WB,I-66 WB,US-29/LEE HWY/EXIT 72,11,916
110+04167,I-66,WB,I-66 WB,VA-120/GLEBE RD,12,917
110P04167,I-66,WB,I-66 WB,VA-120/GLEBE RD,13,918
110+04168,I-66,WB,I-66 WB,FAIRFAX DR/EXIT 71,14,919
110P04168,I-66,WB,I-66 WB,FAIRFAX DR/EXIT 71,15,920
110+04169,I-66,WB,I-66 WB,SYCAMORE ST/EXIT 69,16,921
110P04169,I-66,WB,I-66 WB,SYCAMORE ST/EXIT 69,17,922
110+04170,I-66,WB,I-66 WB,US-29/VA-237/EXIT 69,18,923
110P04170,I-66,WB,I-66 WB,US-29/VA-237/EXIT 69,19,924
110P04171,I-66,WB,I-66 WB,25TH ST,21,926
110+04172,I-66,WB,I-66 WB,WESTMORELAND ST/EXIT 68,22,927
110P04172,I-66,WB,I-66 WB,WESTMORELAND ST/EXIT 68,23,928
110+04173,I-66,WB,I-66 WB,VA-267/EXIT 67,24,929
110P04173,I-66,WB,I-66 WB,VA-267/EXIT 67,25,930
110+04174,I-66,WB,I-66 WB,VA-7/LEESBURG PIKE/EXIT 66,26,931
110P04174,I-66,WB,I-66 WB,VA-7/LEESBURG PIKE/EXIT 66,27,932
110+04175,I-66,WB,I-66 WB,I-495/EXIT 64,28,933
110P04175,I-66,WB,I-66 WB,I-495/EXIT 64,29,934
110+04176,I-66,WB,I-66 WB,VA-243/NUTLEY ST/EXIT 62,30,935
110P04176,I-66,WB,I-66 WB,VA-243/NUTLEY ST/EXIT 62,31,936
110+04177,I-66,WB,I-66 WB,VADEN DR/EXIT 62,32,937
110+04178,I-66,WB,I-66 WB,VA-123/EXIT 60,33,938
110P04177,I-66,WB,I-66 WB,VADEN DR/EXIT 62,33.001,939
110P04178,I-66,WB,I-66 WB,VA-123/EXIT 60,34,940
110+04179,I-66,WB,I-66 WB,US-50/EXIT 57,35,941
110P04179,I-66,WB,I-66 WB,US-50/EXIT 57,36,942
110+04180,I-66,WB,I-66 WB,MONUMENT DR,37,943
110P04180,I-66,WB,I-66 WB,MONUMENT DR,38,944
110+04181,I-66,WB,I-66 WB,VA-286/FAIRFAX COUNTY PKWY/EXIT 55,39,945
110P04181,I-66,WB,I-66 WB,VA-286/FAIRFAX COUNTY PKWY/EXIT 55,40,946
110+04182,I-66,WB,I-66 WB,VA-28/EXIT 53,41,947
110P04182,I-66,WB,I-66 WB,VA-28/EXIT 53,42,948
110+04183,I-66,WB,I-66 WB,US-29/EXIT 52,43,949
110P04183,I-66,WB,I-66 WB,US-29/EXIT 52,44,950
110+04184,I-66,WB,I-66 WB,VA-234/EXIT 47,45,951
110P04184,I-66,WB,I-66 WB,VA-234/EXIT 47,46,952
110+04185,I-66,WB,I-66 WB,VA-234/PRINCE WILLIAM PKWY/EXIT 44,47,953
110P04185,I-66,WB,I-66 WB,VA-234/PRINCE WILLIAM PKWY/EXIT 44,48,954
110+04186,I-66,WB,I-66 WB,US-29/EXIT 43,49,955
110P04186,I-66,WB,I-66 WB,US-29/EXIT 43,50,956
110+04187,I-66,WB,I-66 WB,US-15/EXIT 40,51,957
110P04187,I-66,WB,I-66 WB,US-15/EXIT 40,52,958
110+04188,I-66,WB,I-66 WB,VA-245/EXIT 31,53,959
110P04188,I-66,WB,I-66 WB,VA-245/EXIT 31,54,960
110+04189,I-66,WB,I-66 WB,US-17/EXIT 28,55,961
110P04189,I-66,WB,I-66 WB,US-17/EXIT 28,56,962
110+04190,I-66,WB,I-66 WB,VA-55/FREE STATE RD/EXIT 27,57,963
110P04190,I-66,WB,I-66 WB,VA-55/FREE STATE RD/EXIT 27,58,964
110+04191,I-66,WB,I-66 WB,US-17/VA-55/EXIT 23,59,965
110P04191,I-66,WB,I-66 WB,US-17/VA-55/EXIT 23,60,966
110+04192,I-66,WB,I-66 WB,VA-731/EXIT 23,61,967
110P04192,I-66,WB,I-66 WB,VA-731/EXIT 23,62,968
110+04193,I-66,WB,I-66 WB,VA-688/EXIT 18,63,969
110P04193,I-66,WB,I-66 WB,VA-688/EXIT 18,64,970
110+04194,I-66,WB,I-66 WB,FAUQUIER--WARREN COUNTY BORDER,65,971
110+05503,I-66,WB,I-66 WB,VA-55/VA-79/EXIT 13,67,974
110P05503,I-66,WB,I-66 WB,VA-55/VA-79/EXIT 13,68,975
110+05504,I-66,WB,I-66 WB,US-522/US-340/EXIT 6,69,976
110P05504,I-66,WB,I-66 WB,US-522/US-340/EXIT 6,70,977
110+05505,I-66,WB,I-66 WB,I-81/EXIT 1,71,979
110+04728,I-664,NB,I-664 NB,US-460 ALT/US-13/S MILITARY HWY/EXIT 14,1,980
110P04728,I-664,NB,I-664 NB,US-460 ALT/US-13/S MILITARY HWY/EXIT 14,2,982
110+04729,I-664,NB,I-664 NB,US-58/US-460 ALT/US-13/EXIT 13,3,983
110P04729,I-664,NB,I-664 NB,US-58/US-460 ALT/US-13/EXIT 13,4,984
110+04730,I-664,NB,I-664 NB,DOCK LANDING RD/EXIT 12,5,985
110P04730,I-664,NB,I-664 NB,DOCK LANDING RD/EXIT 12,6,986
110+04731,I-664,NB,I-664 NB,VA-337/PORTSMOUTH BLVD/EXIT 11,7,987
110P04731,I-664,NB,I-664 NB,VA-337/PORTSMOUTH BLVD/EXIT 11,8,988
110+04732,I-664,NB,I-664 NB,PUGHSVILLE RD/EXIT 10,9,989
110P04732,I-664,NB,I-664 NB,PUGHSVILLE RD/EXIT 10,10,990
110+04733,I-664,NB,I-664 NB,US-17/EXIT 9,11,991
110P04733,I-664,NB,I-664 NB,US-17/EXIT 9,12,992
110+04734,I-664,NB,I-664 NB,VA-164/EXIT 9,13,993
110P04734,I-664,NB,I-664 NB,VA-164/EXIT 9,14,994
110+04735,I-664,NB,I-664 NB,VA-135/COLLEGE DR/EXIT 8,15,995
110P04735,I-664,NB,I-664 NB,VA-135/COLLEGE DR/EXIT 8,16,996
110+04736,I-664,NB,I-664 NB,TERMINAL AVE/EXIT 7,17,997
110P04736,I-664,NB,I-664 NB,TERMINAL AVE/EXIT 7,18,998
110+04737,I-664,NB,I-664 NB,US-60/25TH ST/26TH ST/EXIT 6,19,999
110+04738,I-664,NB,I-664 NB,VA-143/27TH ST/EXIT 6,21,1001
110P04738,I-664,NB,I-664 NB,VA-143/27TH ST/EXIT 6,22,1002
110+04739,I-664,NB,I-664 NB,VA-143/35TH ST/JEFFERSON AVE/EXIT 5,23,1003
110P04739,I-664,NB,I-664 NB,VA-143/35TH ST/JEFFERSON AVE/EXIT 5,24,1004
110+04740,I-664,NB,I-664 NB,ROANOKE AVE/EXIT 4,25,1005
110P04740,I-664,NB,I-664 NB,ROANOKE AVE/EXIT 4,26,1006
110+04741,I-664,NB,I-664 NB,CHESTNUT AVE/EXIT 4,27,1007
110P04741,I-664,NB,I-664 NB,CHESTNUT AVE/EXIT 4,28,1008
110+04742,I-664,NB,I-664 NB,ABERDEEN RD/EXIT 3,29,1009
110P04742,I-664,NB,I-664 NB,ABERDEEN RD/EXIT 3,30,1010
110+04743,I-664,NB,I-664 NB,POWHATAN PKWY/EXIT 2,31,1011
110P04743,I-664,NB,I-664 NB,POWHATAN PKWY/EXIT 2,32,1012
110+04744,I-664,NB,I-664 NB,I-64/EXIT 1,33,1014
110-04743,I-664,SB,I-664 SB,POWHATAN PKWY/EXIT 2,1,1015
110N04743,I-664,SB,I-664 SB,POWHATAN PKWY/EXIT 2,2,1017
110-04742,I-664,SB,I-664 SB,ABERDEEN RD/EXIT 3,3,1018
110N04742,I-664,SB,I-664 SB,ABERDEEN RD/EXIT 3,4,1019
110-04741,I-664,SB,I-664 SB,CHESTNUT AVE/EXIT 4,5,1020
110N04741,I-664,SB,I-664 SB,CHESTNUT AVE/EXIT 4,6,1021
110-04740,I-664,SB,I-664 SB,ROANOKE AVE/EXIT 4,7,1022
110N04740,I-664,SB,I-664 SB,ROANOKE AVE/EXIT 4,8,1023
110-04739,I-664,SB,I-664 SB,VA-143/35TH ST/JEFFERSON AVE/EXIT 5,9,1024
110N04739,I-664,SB,I-664 SB,VA-143/35TH ST/JEFFERSON AVE/EXIT 5,10,1025
110-04738,I-664,SB,I-664 SB,VA-143/27TH ST/EXIT 6,11,1026
110N04738,I-664,SB,I-664 SB,VA-143/27TH ST/EXIT 6,12,1027
110N04737,I-664,SB,I-664 SB,US-60/25TH ST/26TH ST/EXIT 6,14,1029
110-04736,I-664,SB,I-664 SB,TERMINAL AVE/EXIT 7,15,1030
110N04736,I-664,SB,I-664 SB,TERMINAL AVE/EXIT 7,16,1031
110-04735,I-664,SB,I-664 SB,VA-135/COLLEGE DR/EXIT 8,17,1032
110N04735,I-664,SB,I-664 SB,VA-135/COLLEGE DR/EXIT 8,18,1033
110-04734,I-664,SB,I-664 SB,VA-164/EXIT 9,19,1034
110N04734,I-664,SB,I-664 SB,VA-164/EXIT 9,20,1035
110-04733,I-664,SB,I-664 SB,US-17/EXIT 9,21,1036
110N04733,I-664,SB,I-664 SB,US-17/EXIT 9,22,1037
110-04732,I-664,SB,I-664 SB,PUGHSVILLE RD/EXIT 10,23,1038
110N04732,I-664,SB,I-664 SB,PUGHSVILLE RD/EXIT 10,24,1039
110-04731,I-664,SB,I-664 SB,VA-337/PORTSMOUTH BLVD/EXIT 11,25,1040
110N04731,I-664,SB,I-664 SB,VA-337/PORTSMOUTH BLVD/EXIT 11,26,1041
110-04730,I-664,SB,I-664 SB,DOCK LANDING RD/EXIT 12,27,1042
110N04730,I-664,SB,I-664 SB,DOCK LANDING RD/EXIT 12,28,1043
110-04729,I-664,SB,I-664 SB,US-58/US-460 ALT/US-13/EXIT 13,29,1044
110N04729,I-664,SB,I-664 SB,US-58/US-460 ALT/US-13/EXIT 13,30,1045
110-04728,I-664,SB,I-664 SB,US-460 ALT/US-13/S MILITARY HWY/EXIT 14,31,1046
110N04728,I-664,SB,I-664 SB,US-460 ALT/US-13/S MILITARY HWY/EXIT 14,32,1047
110-04727,I-664,SB,I-664 SB,I-264/EXIT 15,33,1049
110+05517,I-77,NB,I-77 NB,VA-620/EXIT 1,156,1050
110P05517,I-77,NB,I-77 NB,VA-620/EXIT 1,157,1052
110+05518,I-77,NB,I-77 NB,VA-775/VA-148/EXIT 8,158,1053
110P05518,I-77,NB,I-77 NB,VA-775/VA-148/EXIT 8,159,1054
110+05519,I-77,NB,I-77 NB,US-58/US-221/EXIT 14,160,1055
110P05519,I-77,NB,I-77 NB,US-58/US-221/EXIT 14,161,1056
110+05520,I-77,NB,I-77 NB,VA-620/EXIT 19,162,1057
110P05520,I-77,NB,I-77 NB,VA-620/EXIT 19,163,1058
110+05521,I-77,NB,I-77 NB,VA-69/EXIT 24,164,1059
110P05521,I-77,NB,I-77 NB,VA-69/EXIT 24,165,1060
110+05522,I-77,NB,I-77 NB,I-81/US-11/EXIT 32,166,1061
110P05522,I-77,NB,I-77 NB,I-81/US-11/EXIT 32,166.001,1062
110P05506,I-77,NB,I-77 NB,I-81/US-52/EXIT 40,167,1063
110+05507,I-77,NB,I-77 NB,VA-610/EXIT 41,168,1064
110P05507,I-77,NB,I-77 NB,VA-610/EXIT 41,169,1065
110+05508,I-77,NB,I-77 NB,VA-717/EXIT 47,170,1066
110P05508,I-77,NB,I-77 NB,VA-717/EXIT 47,171,1067
110+05509,I-77,NB,I-77 NB,BIG WALKER MOUNTAIN TUNNEL,172,1068
110P05509,I-77,NB,I-77 NB,BIG WALKER MOUNTAIN TUNNEL,173,1069
110+05510,I-77,NB,I-77 NB,US-52/VA-42/EXIT 52,174,1070
110P05510,I-77,NB,I-77 NB,US-52/VA-42/EXIT 52,175,1071
110+05511,I-77,NB,I-77 NB,VA-666/EXIT 58,176,1072
110P05511,I-77,NB,I-77 NB,VA-666/EXIT 58,177,1073
110+05512,I-77,NB,I-77 NB,VA-606/EXIT 62,178,1074
110P05512,I-77,NB,I-77 NB,VA-606/EXIT 62,179,1075
110+05513,I-77,NB,I-77 NB,US-52/VA-61/EXIT 64,180,1076
110P05513,I-77,NB,I-77 NB,US-52/VA-61/EXIT 64,181,1077
110+05514,I-77,NB,I-77 NB,US-52/EXIT 66,182,1078
110P05514,I-77,NB,I-77 NB,US-52/EXIT 66,183,1079
110+05515,I-77,NB,I-77 NB,E RIVER MOUNTAIN TUNNEL,184,1081
110-05514,I-77,SB,I-77 SB,US-52/EXIT 66,2,1082
110N05514,I-77,SB,I-77 SB,US-52/EXIT 66,3,1084
110-05513,I-77,SB,I-77 SB,US-52/VA-61/EXIT 64,4,1085
110N05513,I-77,SB,I-77 SB,US-52/VA-61/EXIT 64,5,1086
110-05512,I-77,SB,I-77 SB,VA-606/EXIT 62,6,1087
110N05512,I-77,SB,I-77 SB,VA-606/EXIT 62,7,1088
110-05511,I-77,SB,I-77 SB,VA-666/EXIT 58,8,1089
110N05511,I-77,SB,I-77 SB,VA-666/EXIT 58,9,1090
110-05510,I-77,SB,I-77 SB,US-52/VA-42/EXIT 52,10,1091
110N05510,I-77,SB,I-77 SB,US-52/VA-42/EXIT 52,11,1092
110-05509,I-77,SB,I-77 SB,BIG WALKER MOUNTAIN TUNNEL,12,1093
110N05509,I-77,SB,I-77 SB,BIG WALKER MOUNTAIN TUNNEL,13,1094
110-05508,I-77,SB,I-77 SB,VA-717/EXIT 47,14,1095
110N05508,I-77,SB,I-77 SB,VA-717/EXIT 47,15,1096
110-05507,I-77,SB,I-77 SB,VA-610/EXIT 41,16,1097
110N05507,I-77,SB,I-77 SB,VA-610/EXIT 41,17,1098
110-05506,I-77,SB,I-77 SB,I-81/US-52/EXIT 40,18,1099
110-05521,I-77,SB,I-77 SB,VA-69/EXIT 24,20,1100
110N05522,I-77,SB,I-77 SB,I-81/US-11/EXIT 32,20.001,1101
110N05521,I-77,SB,I-77 SB,VA-69/EXIT 24,21,1102
110-05520,I-77,SB,I-77 SB,VA-620/EXIT 19,22,1103
110N05520,I-77,SB,I-77 SB,VA-620/EXIT 19,23,1104
110-05519,I-77,SB,I-77 SB,US-58/US-221/EXIT 14,24,1105
110N05519,I-77,SB,I-77 SB,US-58/US-221/EXIT 14,25,1106
110-05518,I-77,SB,I-77 SB,VA-775/VA-148/EXIT 8,26,1107
110N05518,I-77,SB,I-77 SB,VA-775/VA-148/EXIT 8,27,1108
110-05517,I-77,SB,I-77 SB,VA-620/EXIT 1,28,1109
110N05517,I-77,SB,I-77 SB,VA-620/EXIT 1,29,1110
110-05516,I-77,SB,I-77 SB,VA--NC STATE BORDER,30,1112
110+05490,I-77/I-81,NB,I-77/I-81 NB,US-52/VA-121/EXIT 80,432.2,1114
110P05490,I-77/I-81,NB,I-77/I-81 NB,US-52/VA-121/EXIT 80,432.3,1115
110+05491,I-77/I-81,NB,I-77/I-81 NB,READY MIX RD/EXIT 77,432.4,1116
110P05491,I-77/I-81,NB,I-77/I-81 NB,READY MIX RD/EXIT 77,432.5,1117
110+05492,I-77/I-81,NB,I-77/I-81 NB,US-11/EXIT 73,432.6,1118
110P05492,I-77/I-81,NB,I-77/I-81 NB,US-11/EXIT 73,432.7,1119
110+05493,I-77/I-81,NB,I-77/I-81 NB,I-77/EXIT 72,432.8,1120
110-05492,I-77/I-81,SB,I-77/I-81 SB,US-11/EXIT 73,61.2,1123
110N05492,I-77/I-81,SB,I-77/I-81 SB,US-11/EXIT 73,61.3,1124
110-05491,I-77/I-81,SB,I-77/I-81 SB,READY MIX RD/EXIT 77,61.4,1125
110N05491,I-77/I-81,SB,I-77/I-81 SB,READY MIX RD/EXIT 77,61.5,1126
110-05490,I-77/I-81,SB,I-77/I-81 SB,US-52/VA-121/EXIT 80,61.6,1127
110N05490,I-77/I-81,SB,I-77/I-81 SB,US-52/VA-121/EXIT 80,61.7,1128
110-05489,I-77/I-81,SB,I-77/I-81 SB,I-77/EXIT 81,61.8,1129
110+05463,I-81,NB,I-81 NB,US-58/US-421/EXIT 1,10,1131
110P05463,I-81,NB,I-81 NB,US-58/US-421/EXIT 1,11,1133
110+05464,I-81,NB,I-81 NB,I-381/EXIT 3,12,1134
110P05464,I-81,NB,I-81 NB,I-381/EXIT 3,13,1135
110+05465,I-81,NB,I-81 NB,US-19/US-11/LEE HWY/EXIT 5,14,1136
110P05465,I-81,NB,I-81 NB,US-19/US-11/LEE HWY/EXIT 5,15,1137
110+05466,I-81,NB,I-81 NB,OLD AIRPORT RD/EXIT 7,16,1138
110P05466,I-81,NB,I-81 NB,OLD AIRPORT RD/EXIT 7,17,1139
110+05467,I-81,NB,I-81 NB,EXIT 10,18,1140
110P05467,I-81,NB,I-81 NB,EXIT 10,19,1141
110+05468,I-81,NB,I-81 NB,EXIT 13,20,1142
110P05468,I-81,NB,I-81 NB,EXIT 13,21,1143
110+05469,I-81,NB,I-81 NB,VA-140/EXIT 14,22,1144
110P05469,I-81,NB,I-81 NB,VA-140/EXIT 14,23,1145
110+05470,I-81,NB,I-81 NB,US-58 ALT/VA-75/EXIT 17,24,1146
110P05470,I-81,NB,I-81 NB,US-58 ALT/VA-75/EXIT 17,25,1147
110+05471,I-81,NB,I-81 NB,US-58/US-11/EXIT 19,26,1148
110P05471,I-81,NB,I-81 NB,US-58/US-11/EXIT 19,27,1149
110+05472,I-81,NB,I-81 NB,ENTERPRISE RD/EXIT 22,28,1150
110P05472,I-81,NB,I-81 NB,ENTERPRISE RD/EXIT 22,29,1151
110+05473,I-81,NB,I-81 NB,VA-80/EXIT 24,30,1152
110P05473,I-81,NB,I-81 NB,VA-80/EXIT 24,31,1153
110+05474,I-81,NB,I-81 NB,COLLEGE DR/EXIT 26,32,1154
110P05474,I-81,NB,I-81 NB,COLLEGE DR/EXIT 26,33,1155
110+05475,I-81,NB,I-81 NB,VA-91/EXIT 29,34,1156
110P05475,I-81,NB,I-81 NB,VA-91/EXIT 29,35,1157
110+05476,I-81,NB,I-81 NB,US-11/LEE HWY/EXIT 32,36,1158
110P05476,I-81,NB,I-81 NB,US-11/LEE HWY/EXIT 32,37,1159
110+05477,I-81,NB,I-81 NB,VA-107/EXIT 35,38,1160
110P05477,I-81,NB,I-81 NB,VA-107/EXIT 35,39,1161
110+05478,I-81,NB,I-81 NB,US-11/EXIT 39,40,1162
110P05478,I-81,NB,I-81 NB,US-11/EXIT 39,41,1163
110+05479,I-81,NB,I-81 NB,US-11/EXIT 44,42,1164
110P05479,I-81,NB,I-81 NB,US-11/EXIT 44,43,1165
110+05480,I-81,NB,I-81 NB,WASHINGTON AVE/EXIT 44,44,1166
110P05480,I-81,NB,I-81 NB,WASHINGTON AVE/EXIT 44,45,1167
110+05481,I-81,NB,I-81 NB,VA-16/EXIT 45,46,1168
110P05481,I-81,NB,I-81 NB,VA-16/EXIT 45,47,1169
110+05482,I-81,NB,I-81 NB,US-11/MAIN ST/EXIT 47,48,1170
110P05482,I-81,NB,I-81 NB,US-11/MAIN ST/EXIT 47,49,1171
110+05483,I-81,NB,I-81 NB,VA-622/NICKS CREEK RD/EXIT 50,50,1172
110P05483,I-81,NB,I-81 NB,VA-622/NICKS CREEK RD/EXIT 50,51,1173
110+05484,I-81,NB,I-81 NB,VA-683/EXIT 54,52,1174
110P05484,I-81,NB,I-81 NB,VA-683/EXIT 54,53,1175
110+05485,I-81,NB,I-81 NB,VA-90/EXIT 60,54,1176
110P05485,I-81,NB,I-81 NB,VA-90/EXIT 60,55,1177
110+05486,I-81,NB,I-81 NB,US-11/EXIT 67,56,1178
110P05486,I-81,NB,I-81 NB,US-11/EXIT 67,57,1179
110+05487,I-81,NB,I-81 NB,US-21/US-52/EXIT 70,58,1180
110P05487,I-81,NB,I-81 NB,US-21/US-52/EXIT 70,59,1181
110+05488,I-81,NB,I-81 NB,I-77/EXIT 72,60,1182
110P05488,I-81,NB,I-81 NB,I-77/EXIT 72,61,1183
110P05391,I-81,NB,I-81 NB,I-77/EXIT 81,62,1184
110+05392,I-81,NB,I-81 NB,VA-619/EXIT 84,63,1185
110P05392,I-81,NB,I-81 NB,VA-619/EXIT 84,64,1186
110+05393,I-81,NB,I-81 NB,VA-618/EXIT 86,65,1187
110P05393,I-81,NB,I-81 NB,VA-618/EXIT 86,66,1188
110+05394,I-81,NB,I-81 NB,US-11/VA-100/EXIT 89,67,1189
110P05394,I-81,NB,I-81 NB,US-11/VA-100/EXIT 89,68,1190
110+05395,I-81,NB,I-81 NB,EXIT 92,69,1191
110P05395,I-81,NB,I-81 NB,EXIT 92,70,1192
110+05396,I-81,NB,I-81 NB,VA-100/EXIT 94,71,1193
110P05396,I-81,NB,I-81 NB,VA-100/EXIT 94,72,1194
110+05397,I-81,NB,I-81 NB,VA-100/EXIT 98,73,1195
110P05397,I-81,NB,I-81 NB,VA-100/EXIT 98,74,1196
110+05398,I-81,NB,I-81 NB,VA-660/EXIT 101,75,1197
110P05398,I-81,NB,I-81 NB,VA-660/EXIT 101,76,1198
110+05399,I-81,NB,I-81 NB,VA-232/EXIT 105,77,1199
110P05399,I-81,NB,I-81 NB,VA-232/EXIT 105,78,1200
110+05400,I-81,NB,I-81 NB,VA-177/EXIT 109,79,1201
110P05400,I-81,NB,I-81 NB,VA-177/EXIT 109,80,1202
110+05401,I-81,NB,I-81 NB,VA-8/EXIT 114,81,1203
110P05401,I-81,NB,I-81 NB,VA-8/EXIT 114,82,1204
110+05402,I-81,NB,I-81 NB,US-460 BUS/EXIT 118,83,1205
110P05402,I-81,NB,I-81 NB,US-460 BUS/EXIT 118,84,1206
110+05403,I-81,NB,I-81 NB,US-11/US-460 BUS/EXIT 118,85,1207
110P05403,I-81,NB,I-81 NB,US-11/US-460 BUS/EXIT 118,86,1208
110+05404,I-81,NB,I-81 NB,US-11/CR-603/EXIT 128,87,1209
110P05404,I-81,NB,I-81 NB,US-11/CR-603/EXIT 128,88,1210
110+05007,I-81,NB,I-81 NB,VA-647/EXIT 132,89,1211
110P05007,I-81,NB,I-81 NB,VA-647/EXIT 132,90,1212
110+05008,I-81,NB,I-81 NB,EXIT 137,91,1213
110P05008,I-81,NB,I-81 NB,EXIT 137,92,1214
110+05009,I-81,NB,I-81 NB,VA-311/EXIT 140,93,1215
110P05009,I-81,NB,I-81 NB,VA-311/EXIT 140,94,1216
110+05010,I-81,NB,I-81 NB,VA-419/EXIT 141,95,1217
110P05010,I-81,NB,I-81 NB,VA-419/EXIT 141,96,1218
110+05011,I-81,NB,I-81 NB,I-581/EXIT 143,97,1219
110P05011,I-81,NB,I-81 NB,I-581/EXIT 143,98,1220
110+05012,I-81,NB,I-81 NB,VA-115/EXIT 146,99,1221
110P05012,I-81,NB,I-81 NB,VA-115/EXIT 146,100,1222
110+05405,I-81,NB,I-81 NB,US-220/EXIT 150,101,1223
110P05405,I-81,NB,I-81 NB,US-220/EXIT 150,102,1224
110+05406,I-81,NB,I-81 NB,VA-640/EXIT 156,103,1225
110P05406,I-81,NB,I-81 NB,VA-640/EXIT 156,104,1226
110+05407,I-81,NB,I-81 NB,US-11/EXIT 162,105,1227
110P05407,I-81,NB,I-81 NB,US-11/EXIT 162,106,1228
110+05408,I-81,NB,I-81 NB,US-11/EXIT 167,107,1229
110P05408,I-81,NB,I-81 NB,US-11/EXIT 167,108,1230
110+05409,I-81,NB,I-81 NB,VA-614/EXIT 168,109,1231
110P05409,I-81,NB,I-81 NB,VA-614/EXIT 168,110,1232
110+05410,I-81,NB,I-81 NB,US-11/EXIT 175,111,1233
110P05410,I-81,NB,I-81 NB,US-11/EXIT 175,112,1234
110+05411,I-81,NB,I-81 NB,US-11/EXIT 180,113,1235
110P05411,I-81,NB,I-81 NB,US-11/EXIT 180,114,1236
110+05412,I-81,NB,I-81 NB,US-60/EXIT 188,115,1237
110P05412,I-81,NB,I-81 NB,US-60/EXIT 188,116,1238
110+05413,I-81,NB,I-81 NB,I-64/EXIT 191,117,1239
110P05413,I-81,NB,I-81 NB,I-64/EXIT 191,118,1240
110P05353,I-81,NB,I-81 NB,I-64/EXIT 221,119,1241
110+05354,I-81,NB,I-81 NB,US-250/EXIT 222,120,1242
110P05354,I-81,NB,I-81 NB,US-250/EXIT 222,121,1243
110+05355,I-81,NB,I-81 NB,VA-262/W WILSON PKWY/EXIT 225,122,1244
110P05355,I-81,NB,I-81 NB,VA-262/W WILSON PKWY/EXIT 225,123,1245
110+05356,I-81,NB,I-81 NB,VA-612/EXIT 227,124,1246
110P05356,I-81,NB,I-81 NB,VA-612/EXIT 227,125,1247
110+05357,I-81,NB,I-81 NB,VA-256/EXIT 235,126,1248
110P05357,I-81,NB,I-81 NB,VA-256/EXIT 235,127,1249
110+05358,I-81,NB,I-81 NB,VA-682/VA-257/EXIT 240,128,1250
110P05358,I-81,NB,I-81 NB,VA-682/VA-257/EXIT 240,129,1251
110+05359,I-81,NB,I-81 NB,US-11/EXIT 243,130,1252
110P05359,I-81,NB,I-81 NB,US-11/EXIT 243,131,1253
110+05360,I-81,NB,I-81 NB,PORT REPUBLIC RD/EXIT 245,132,1254
110P05360,I-81,NB,I-81 NB,PORT REPUBLIC RD/EXIT 245,133,1255
110+05361,I-81,NB,I-81 NB,US-33/EXIT 247,134,1256
110P05361,I-81,NB,I-81 NB,US-33/EXIT 247,135,1257
110+05362,I-81,NB,I-81 NB,US-11/EXIT 251,136,1258
110P05362,I-81,NB,I-81 NB,US-11/EXIT 251,137,1259
110+05363,I-81,NB,I-81 NB,US-11/VA-259/EXIT 257,138,1260
110P05363,I-81,NB,I-81 NB,US-11/VA-259/EXIT 257,139,1261
110+05364,I-81,NB,I-81 NB,VA-211/EXIT 264,140,1262
110P05364,I-81,NB,I-81 NB,VA-211/EXIT 264,141,1263
110+05365,I-81,NB,I-81 NB,VA-730/EXIT 269,142,1264
110P05365,I-81,NB,I-81 NB,VA-730/EXIT 269,143,1265
110+05366,I-81,NB,I-81 NB,VA-703/EXIT 273,144,1266
110P05366,I-81,NB,I-81 NB,VA-703/EXIT 273,145,1267
110+05367,I-81,NB,I-81 NB,VA-614/EXIT 277,146,1268
110P05367,I-81,NB,I-81 NB,VA-614/EXIT 277,147,1269
110+05368,I-81,NB,I-81 NB,VA-675/EXIT 279,148,1270
110P05368,I-81,NB,I-81 NB,VA-675/EXIT 279,149,1271
110+05369,I-81,NB,I-81 NB,VA-42/EXIT 283,150,1272
110P05369,I-81,NB,I-81 NB,VA-42/EXIT 283,151,1273
110+05370,I-81,NB,I-81 NB,VA-651/EXIT 291,152,1274
110P05370,I-81,NB,I-81 NB,VA-651/EXIT 291,153,1275
110+05371,I-81,NB,I-81 NB,VA-55/EXIT 296,154,1276
110P05371,I-81,NB,I-81 NB,VA-55/EXIT 296,155,1277
110+05372,I-81,NB,I-81 NB,US-11/EXIT 298,156,1278
110P05372,I-81,NB,I-81 NB,US-11/EXIT 298,157,1279
110+05373,I-81,NB,I-81 NB,I-66/EXIT 300,158,1280
110P05373,I-81,NB,I-81 NB,I-66/EXIT 300,159,1281
110+05374,I-81,NB,I-81 NB,VA-627/EXIT 302,160,1282
110P05374,I-81,NB,I-81 NB,VA-627/EXIT 302,161,1283
110+05375,I-81,NB,I-81 NB,VA-277/EXIT 307,162,1284
110P05375,I-81,NB,I-81 NB,VA-277/EXIT 307,163,1285
110+04681,I-81,NB,I-81 NB,VA-37/EXIT 310,164,1286
110P04681,I-81,NB,I-81 NB,VA-37/EXIT 310,165,1287
110+04682,I-81,NB,I-81 NB,US-17/US-50/US-522/EXIT 313,166,1288
110P04682,I-81,NB,I-81 NB,US-17/US-50/US-522/EXIT 313,167,1289
110+04683,I-81,NB,I-81 NB,VA-7/EXIT 315,168,1290
110P04683,I-81,NB,I-81 NB,VA-7/EXIT 315,169,1291
110+04684,I-81,NB,I-81 NB,US-11/EXIT 317,170,1292
110P04684,I-81,NB,I-81 NB,US-11/EXIT 317,171,1293
110+05376,I-81,NB,I-81 NB,VA-672/EXIT 321,172,1294
110P05376,I-81,NB,I-81 NB,VA-672/EXIT 321,173,1295
110+05377,I-81,NB,I-81 NB,VA-669/EXIT 323,174,1296
110P05377,I-81,NB,I-81 NB,VA-669/EXIT 323,175,1297
110+05378,I-81,NB,I-81 NB,VA--WV STATE BORDER,176,1299
110-05377,I-81,SB,I-81 SB,VA-669/EXIT 323,318,1300
110N05377,I-81,SB,I-81 SB,VA-669/EXIT 323,319,1302
110-05376,I-81,SB,I-81 SB,VA-672/EXIT 321,320,1303
110N05376,I-81,SB,I-81 SB,VA-672/EXIT 321,321,1304
110-04684,I-81,SB,I-81 SB,US-11/EXIT 317,322,1305
110N04684,I-81,SB,I-81 SB,US-11/EXIT 317,323,1306
110-04683,I-81,SB,I-81 SB,VA-7/EXIT 315,324,1307
110N04683,I-81,SB,I-81 SB,VA-7/EXIT 315,325,1308
110-04682,I-81,SB,I-81 SB,US-17/US-50/US-522/EXIT 313,326,1309
110N04682,I-81,SB,I-81 SB,US-17/US-50/US-522/EXIT 313,327,1310
110-04681,I-81,SB,I-81 SB,VA-37/EXIT 310,328,1311
110N04681,I-81,SB,I-81 SB,VA-37/EXIT 310,329,1312
110-05375,I-81,SB,I-81 SB,VA-277/EXIT 307,330,1313
110N05375,I-81,SB,I-81 SB,VA-277/EXIT 307,331,1314
110-05374,I-81,SB,I-81 SB,VA-627/EXIT 302,332,1315
110N05374,I-81,SB,I-81 SB,VA-627/EXIT 302,333,1316
110-05373,I-81,SB,I-81 SB,I-66/EXIT 300,334,1317
110N05373,I-81,SB,I-81 SB,I-66/EXIT 300,335,1318
110-05372,I-81,SB,I-81 SB,US-11/EXIT 298,336,1319
110N05372,I-81,SB,I-81 SB,US-11/EXIT 298,337,1320
110-05371,I-81,SB,I-81 SB,VA-55/EXIT 296,338,1321
110N05371,I-81,SB,I-81 SB,VA-55/EXIT 296,339,1322
110-05370,I-81,SB,I-81 SB,VA-651/EXIT 291,340,1323
110N05370,I-81,SB,I-81 SB,VA-651/EXIT 291,341,1324
110-05369,I-81,SB,I-81 SB,VA-42/EXIT 283,342,1325
110N05369,I-81,SB,I-81 SB,VA-42/EXIT 283,343,1326
110-05368,I-81,SB,I-81 SB,VA-675/EXIT 279,344,1327
110N05368,I-81,SB,I-81 SB,VA-675/EXIT 279,345,1328
110-05367,I-81,SB,I-81 SB,VA-614/EXIT 277,346,1329
110N05367,I-81,SB,I-81 SB,VA-614/EXIT 277,347,1330
110-05366,I-81,SB,I-81 SB,VA-703/EXIT 273,348,1331
110N05366,I-81,SB,I-81 SB,VA-703/EXIT 273,349,1332
110-05365,I-81,SB,I-81 SB,VA-730/EXIT 269,350,1333
110N05365,I-81,SB,I-81 SB,VA-730/EXIT 269,351,1334
110-05364,I-81,SB,I-81 SB,VA-211/EXIT 264,352,1335
110N05364,I-81,SB,I-81 SB,VA-211/EXIT 264,353,1336
110-05363,I-81,SB,I-81 SB,US-11/VA-259/EXIT 257,354,1337
110N05363,I-81,SB,I-81 SB,US-11/VA-259/EXIT 257,355,1338
110-05362,I-81,SB,I-81 SB,US-11/EXIT 251,356,1339
110N05362,I-81,SB,I-81 SB,US-11/EXIT 251,357,1340
110-05361,I-81,SB,I-81 SB,US-33/EXIT 247,358,1341
110N05361,I-81,SB,I-81 SB,US-33/EXIT 247,359,1342
110-05360,I-81,SB,I-81 SB,PORT REPUBLIC RD/EXIT 245,360,1343
110N05360,I-81,SB,I-81 SB,PORT REPUBLIC RD/EXIT 245,361,1344
110-05359,I-81,SB,I-81 SB,US-11/EXIT 243,362,1345
110N05359,I-81,SB,I-81 SB,US-11/EXIT 243,363,1346
110-05358,I-81,SB,I-81 SB,VA-682/VA-257/EXIT 240,364,1347
110N05358,I-81,SB,I-81 SB,VA-682/VA-257/EXIT 240,365,1348
110-05357,I-81,SB,I-81 SB,VA-256/EXIT 235,366,1349
110N05357,I-81,SB,I-81 SB,VA-256/EXIT 235,367,1350
110-05356,I-81,SB,I-81 SB,VA-612/EXIT 227,368,1351
110N05356,I-81,SB,I-81 SB,VA-612/EXIT 227,369,1352
110-05355,I-81,SB,I-81 SB,VA-262/W WILSON PKWY/EXIT 225,370,1353
110N05355,I-81,SB,I-81 SB,VA-262/W WILSON PKWY/EXIT 225,371,1354
110-05354,I-81,SB,I-81 SB,US-250/EXIT 222,372,1355
110N05354,I-81,SB,I-81 SB,US-250/EXIT 222,373,1356
110-05353,I-81,SB,I-81 SB,I-64/EXIT 221,374,1357
110N05353,I-81,SB,I-81 SB,I-64/EXIT 221,375,1358
110-05412,I-81,SB,I-81 SB,US-60/EXIT 188,377,1359
110N05412,I-81,SB,I-81 SB,US-60/EXIT 188,378,1360
110-05411,I-81,SB,I-81 SB,US-11/EXIT 180,379,1361
110-05410,I-81,SB,I-81 SB,US-11/EXIT 175,381,1362
110N05410,I-81,SB,I-81 SB,US-11/EXIT 175,382,1363
110-05409,I-81,SB,I-81 SB,VA-614/EXIT 168,383,1364
110N05409,I-81,SB,I-81 SB,VA-614/EXIT 168,384,1365
110-05408,I-81,SB,I-81 SB,US-11/EXIT 167,385,1366
110N05408,I-81,SB,I-81 SB,US-11/EXIT 167,386,1367
110-05407,I-81,SB,I-81 SB,US-11/EXIT 162,387,1368
110N05407,I-81,SB,I-81 SB,US-11/EXIT 162,388,1369
110-05406,I-81,SB,I-81 SB,VA-640/EXIT 156,389,1370
110N05406,I-81,SB,I-81 SB,VA-640/EXIT 156,390,1371
110-05405,I-81,SB,I-81 SB,US-220/EXIT 150,391,1372
110N05405,I-81,SB,I-81 SB,US-220/EXIT 150,392,1373
110-05012,I-81,SB,I-81 SB,VA-115/EXIT 146,393,1374
110N05012,I-81,SB,I-81 SB,VA-115/EXIT 146,394,1375
110-05011,I-81,SB,I-81 SB,I-581/EXIT 143,395,1376
110N05011,I-81,SB,I-81 SB,I-581/EXIT 143,396,1377
110-05010,I-81,SB,I-81 SB,VA-419/EXIT 141,397,1378
110N05010,I-81,SB,I-81 SB,VA-419/EXIT 141,398,1379
110-05009,I-81,SB,I-81 SB,VA-311/EXIT 140,399,1380
110N05009,I-81,SB,I-81 SB,VA-311/EXIT 140,400,1381
110-05008,I-81,SB,I-81 SB,EXIT 137,401,1382
110N05008,I-81,SB,I-81 SB,EXIT 137,402,1383
110-05007,I-81,SB,I-81 SB,VA-647/EXIT 132,403,1384
110N05007,I-81,SB,I-81 SB,VA-647/EXIT 132,404,1385
110-05404,I-81,SB,I-81 SB,US-11/CR-603/EXIT 128,405,1386
110N05404,I-81,SB,I-81 SB,US-11/CR-603/EXIT 128,406,1387
110-05403,I-81,SB,I-81 SB,US-11/US-460 BUS/EXIT 118,407,1388
110N05403,I-81,SB,I-81 SB,US-11/US-460 BUS/EXIT 118,408,1389
110-05402,I-81,SB,I-81 SB,US-460 BUS/EXIT 118,409,1390
110N05402,I-81,SB,I-81 SB,US-460 BUS/EXIT 118,410,1391
110-05401,I-81,SB,I-81 SB,VA-8/EXIT 114,411,1392
110N05401,I-81,SB,I-81 SB,VA-8/EXIT 114,412,1393
110-05400,I-81,SB,I-81 SB,VA-177/EXIT 109,413,1394
110N05400,I-81,SB,I-81 SB,VA-177/EXIT 109,414,1395
110-05399,I-81,SB,I-81 SB,VA-232/EXIT 105,415,1396
110N05399,I-81,SB,I-81 SB,VA-232/EXIT 105,416,1397
110-05398,I-81,SB,I-81 SB,VA-660/EXIT 101,417,1398
110N05398,I-81,SB,I-81 SB,VA-660/EXIT 101,418,1399
110-05397,I-81,SB,I-81 SB,VA-100/EXIT 98,419,1400
110N05397,I-81,SB,I-81 SB,VA-100/EXIT 98,420,1401
110-05396,I-81,SB,I-81 SB,VA-100/EXIT 94,421,1402
110N05396,I-81,SB,I-81 SB,VA-100/EXIT 94,422,1403
110-05395,I-81,SB,I-81 SB,EXIT 92,423,1404
110N05395,I-81,SB,I-81 SB,EXIT 92,424,1405
110-05394,I-81,SB,I-81 SB,US-11/VA-100/EXIT 89,425,1406
110N05394,I-81,SB,I-81 SB,US-11/VA-100/EXIT 89,426,1407
110-05393,I-81,SB,I-81 SB,VA-618/EXIT 86,427,1408
110N05393,I-81,SB,I-81 SB,VA-618/EXIT 86,428,1409
110-05392,I-81,SB,I-81 SB,VA-619/EXIT 84,429,1410
110N05392,I-81,SB,I-81 SB,VA-619/EXIT 84,430,1411
110-05391,I-81,SB,I-81 SB,I-77/EXIT 81,431,1412
110N05391,I-81,SB,I-81 SB,I-77/EXIT 81,432,1413
110N05488,I-81,SB,I-81 SB,I-77/EXIT 72,433,1414
110-05487,I-81,SB,I-81 SB,US-21/US-52/EXIT 70,434,1415
110N05487,I-81,SB,I-81 SB,US-21/US-52/EXIT 70,435,1416
110-05486,I-81,SB,I-81 SB,US-11/EXIT 67,436,1417
110N05486,I-81,SB,I-81 SB,US-11/EXIT 67,437,1418
110-05485,I-81,SB,I-81 SB,VA-90/EXIT 60,438,1419
110N05485,I-81,SB,I-81 SB,VA-90/EXIT 60,439,1420
110-05484,I-81,SB,I-81 SB,VA-683/EXIT 54,440,1421
110N05484,I-81,SB,I-81 SB,VA-683/EXIT 54,441,1422
110-05483,I-81,SB,I-81 SB,VA-622/NICKS CREEK RD/EXIT 50,442,1423
110N05483,I-81,SB,I-81 SB,VA-622/NICKS CREEK RD/EXIT 50,443,1424
110-05482,I-81,SB,I-81 SB,US-11/MAIN ST/EXIT 47,444,1425
110N05482,I-81,SB,I-81 SB,US-11/MAIN ST/EXIT 47,445,1426
110-05481,I-81,SB,I-81 SB,VA-16/EXIT 45,446,1427
110N05481,I-81,SB,I-81 SB,VA-16/EXIT 45,447,1428
110-05480,I-81,SB,I-81 SB,WASHINGTON AVE/EXIT 44,448,1429
110N05480,I-81,SB,I-81 SB,WASHINGTON AVE/EXIT 44,449,1430
110-05479,I-81,SB,I-81 SB,US-11/EXIT 44,450,1431
110N05479,I-81,SB,I-81 SB,US-11/EXIT 44,451,1432
110-05478,I-81,SB,I-81 SB,US-11/EXIT 39,452,1433
110N05478,I-81,SB,I-81 SB,US-11/EXIT 39,453,1434
110-05477,I-81,SB,I-81 SB,VA-107/EXIT 35,454,1435
110N05477,I-81,SB,I-81 SB,VA-107/EXIT 35,455,1436
110-05476,I-81,SB,I-81 SB,US-11/LEE HWY/EXIT 32,456,1437
110N05476,I-81,SB,I-81 SB,US-11/LEE HWY/EXIT 32,457,1438
110-05475,I-81,SB,I-81 SB,VA-91/EXIT 29,458,1439
110N05475,I-81,SB,I-81 SB,VA-91/EXIT 29,459,1440
110-05474,I-81,SB,I-81 SB,COLLEGE DR/EXIT 26,460,1441
110N05474,I-81,SB,I-81 SB,COLLEGE DR/EXIT 26,461,1442
110-05473,I-81,SB,I-81 SB,VA-80/EXIT 24,462,1443
110N05473,I-81,SB,I-81 SB,VA-80/EXIT 24,463,1444
110-05472,I-81,SB,I-81 SB,ENTERPRISE RD/EXIT 22,464,1445
110N05472,I-81,SB,I-81 SB,ENTERPRISE RD/EXIT 22,465,1446
110-05471,I-81,SB,I-81 SB,US-58/US-11/EXIT 19,466,1447
110N05471,I-81,SB,I-81 SB,US-58/US-11/EXIT 19,467,1448
110-05470,I-81,SB,I-81 SB,US-58 ALT/VA-75/EXIT 17,468,1449
110N05470,I-81,SB,I-81 SB,US-58 ALT/VA-75/EXIT 17,469,1450
110-05469,I-81,SB,I-81 SB,VA-140/EXIT 14,470,1451
110N05469,I-81,SB,I-81 SB,VA-140/EXIT 14,471,1452
110-05468,I-81,SB,I-81 SB,EXIT 13,472,1453
110N05468,I-81,SB,I-81 SB,EXIT 13,473,1454
110-05467,I-81,SB,I-81 SB,EXIT 10,474,1455
110N05467,I-81,SB,I-81 SB,EXIT 10,475,1456
110-05466,I-81,SB,I-81 SB,OLD AIRPORT RD/EXIT 7,476,1457
110N05466,I-81,SB,I-81 SB,OLD AIRPORT RD/EXIT 7,477,1458
110-05465,I-81,SB,I-81 SB,US-19/US-11/LEE HWY/EXIT 5,478,1459
110N05465,I-81,SB,I-81 SB,US-19/US-11/LEE HWY/EXIT 5,479,1460
110-05464,I-81,SB,I-81 SB,I-381/EXIT 3,480,1461
110N05464,I-81,SB,I-81 SB,I-381/EXIT 3,481,1462
110-05463,I-81,SB,I-81 SB,US-58/US-421/EXIT 1,482,1463
110N05463,I-81,SB,I-81 SB,US-58/US-421/EXIT 1,483,1464
110-05462,I-81,SB,I-81 SB,VA--TN STATE BORDER,484,1466
110+05427,I-85,NB,I-85 NB,VIRGINIA WELCOME CENTER,600,1467
110P05427,I-85,NB,I-85 NB,VIRGINIA WELCOME CENTER,601,1469
110+05428,I-85,NB,I-85 NB,VA-903/EXIT 4,602,1470
110P05428,I-85,NB,I-85 NB,VA-903/EXIT 4,603,1471
110+05429,I-85,NB,I-85 NB,US-58/EXIT 12,604,1472
110P05429,I-85,NB,I-85 NB,US-58/EXIT 12,605,1473
110+05430,I-85,NB,I-85 NB,US-1/EXIT 15,606,1474
110P05430,I-85,NB,I-85 NB,US-1/EXIT 15,607,1475
110+05431,I-85,NB,I-85 NB,VA-644/EXIT 24,608,1476
110P05431,I-85,NB,I-85 NB,VA-644/EXIT 24,609,1477
110+05432,I-85,NB,I-85 NB,VA-46/EXIT 27,610,1478
110P05432,I-85,NB,I-85 NB,VA-46/EXIT 27,611,1479
110+05433,I-85,NB,I-85 NB,US-1/EXIT 28,612,1480
110P05433,I-85,NB,I-85 NB,US-1/EXIT 28,613,1481
110+05434,I-85,NB,I-85 NB,EXIT 34,614,1482
110P05434,I-85,NB,I-85 NB,EXIT 34,615,1483
110+05435,I-85,NB,I-85 NB,EXIT 39,616,1484
110P05435,I-85,NB,I-85 NB,EXIT 39,617,1485
110+05436,I-85,NB,I-85 NB,VA-40/EXIT 42,618,1486
110P05436,I-85,NB,I-85 NB,VA-40/EXIT 42,619,1487
110+05437,I-85,NB,I-85 NB,EXIT 48,620,1488
110P05437,I-85,NB,I-85 NB,EXIT 48,621,1489
110+05438,I-85,NB,I-85 NB,VA-703/EXIT 53,622,1490
110P05438,I-85,NB,I-85 NB,VA-703/EXIT 53,623,1491
110+05439,I-85,NB,I-85 NB,US-460/EXIT 61,624,1492
110P05439,I-85,NB,I-85 NB,US-460/EXIT 61,625,1493
110+05440,I-85,NB,I-85 NB,US-1/EXIT 63,626,1494
110P05440,I-85,NB,I-85 NB,US-1/EXIT 63,627,1495
110+05441,I-85,NB,I-85 NB,DINWIDDIE--PETERSBURG CITY BORDER,627.5,1496
110+04827,I-85,NB,I-85 NB,SQUIRREL LEVEL RD/EXIT 65,629,1499
110P04827,I-85,NB,I-85 NB,SQUIRREL LEVEL RD/EXIT 65,630,1500
110+04828,I-85,NB,I-85 NB,I-95/US-460 BUS/EXIT 68,631,1501
110P04828,I-85,NB,I-85 NB,I-95/US-460 BUS/EXIT 68,632,1502
110N04828,I-85,SB,I-85 SB,I-95/US-460 BUS/EXIT 68,1,1503
110-04827,I-85,SB,I-85 SB,SQUIRREL LEVEL RD/EXIT 65,2,1504
110N04827,I-85,SB,I-85 SB,SQUIRREL LEVEL RD/EXIT 65,3,1505
110-04826,I-85,SB,I-85 SB,PETERSBURG--DINWIDDIE COUNTY BORDER,4,1506
110-05440,I-85,SB,I-85 SB,US-1/EXIT 63,15,1509
110N05440,I-85,SB,I-85 SB,US-1/EXIT 63,16,1510
110-05439,I-85,SB,I-85 SB,US-460/EXIT 61,17,1511
110N05439,I-85,SB,I-85 SB,US-460/EXIT 61,18,1512
110-05438,I-85,SB,I-85 SB,VA-703/EXIT 53,19,1513
110N05438,I-85,SB,I-85 SB,VA-703/EXIT 53,20,1514
110-05437,I-85,SB,I-85 SB,EXIT 48,21,1515
110N05437,I-85,SB,I-85 SB,EXIT 48,22,1516
110-05436,I-85,SB,I-85 SB,VA-40/EXIT 42,23,1517
110N05436,I-85,SB,I-85 SB,VA-40/EXIT 42,24,1518
110-05435,I-85,SB,I-85 SB,EXIT 39,25,1519
110N05435,I-85,SB,I-85 SB,EXIT 39,26,1520
110-05434,I-85,SB,I-85 SB,EXIT 34,27,1521
110N05434,I-85,SB,I-85 SB,EXIT 34,28,1522
110-05433,I-85,SB,I-85 SB,US-1/EXIT 28,29,1523
110N05433,I-85,SB,I-85 SB,US-1/EXIT 28,30,1524
110-05432,I-85,SB,I-85 SB,VA-46/EXIT 27,31,1525
110N05432,I-85,SB,I-85 SB,VA-46/EXIT 27,32,1526
110-05431,I-85,SB,I-85 SB,VA-644/EXIT 24,33,1527
110N05431,I-85,SB,I-85 SB,VA-644/EXIT 24,34,1528
110-05430,I-85,SB,I-85 SB,US-1/EXIT 15,35,1529
110N05430,I-85,SB,I-85 SB,US-1/EXIT 15,36,1530
110-05429,I-85,SB,I-85 SB,US-58/EXIT 12,37,1531
110N05429,I-85,SB,I-85 SB,US-58/EXIT 12,38,1532
110-05428,I-85,SB,I-85 SB,VA-903/EXIT 4,39,1533
110N05428,I-85,SB,I-85 SB,VA-903/EXIT 4,40,1534
110-05427,I-85,SB,I-85 SB,VIRGINIA WELCOME CENTER,41,1535
110N05427,I-85,SB,I-85 SB,VIRGINIA WELCOME CENTER,42,1536
110-05426,I-85,SB,I-85 SB,VA--NC STATE BORDER,43,1538
110+05415,I-95,NB,I-95 NB,EXIT 4,537,1539
110P05415,I-95,NB,I-95 NB,EXIT 4,538,1541
110+05416,I-95,NB,I-95 NB,US-301/EXIT 8,539,1542
110P05416,I-95,NB,I-95 NB,US-301/EXIT 8,540,1543
110+05417,I-95,NB,I-95 NB,US-58/EXIT 11,541,1544
110P05417,I-95,NB,I-95 NB,US-58/EXIT 11,542,1545
110+05418,I-95,NB,I-95 NB,US-301/EXIT 12,543,1546
110+05419,I-95,NB,I-95 NB,OTTERDAM RD/EXIT 12,544,1548
110P05419,I-95,NB,I-95 NB,OTTERDAM RD/EXIT 12,545,1549
110+05420,I-95,NB,I-95 NB,US-301/EXIT 17,546,1550
110P05420,I-95,NB,I-95 NB,US-301/EXIT 17,547,1551
110+05421,I-95,NB,I-95 NB,EXIT 20,548,1552
110P05421,I-95,NB,I-95 NB,EXIT 20,549,1553
110+05422,I-95,NB,I-95 NB,EXIT 24,550,1554
110P05422,I-95,NB,I-95 NB,EXIT 24,551,1555
110+05423,I-95,NB,I-95 NB,VA-40/EXIT 31,552,1556
110P05423,I-95,NB,I-95 NB,VA-40/EXIT 31,553,1557
110+05424,I-95,NB,I-95 NB,EXIT 33,554,1558
110P05424,I-95,NB,I-95 NB,EXIT 33,555,1559
110+05425,I-95,NB,I-95 NB,SUSSEX--PRINCE GEORGE COUNTY BORDER,556,1560
110+04798,I-95,NB,I-95 NB,US-301/EXIT 37,557,1563
110P04798,I-95,NB,I-95 NB,US-301/EXIT 37,558,1564
110+04799,I-95,NB,I-95 NB,US-301/VA-35/VA-156/EXIT 41,559,1565
110P04799,I-95,NB,I-95 NB,US-301/VA-35/VA-156/EXIT 41,560,1566
110+04800,I-95,NB,I-95 NB,US-301/EXIT 45,561,1567
110P04800,I-95,NB,I-95 NB,US-301/EXIT 45,562,1568
110+04801,I-95,NB,I-95 NB,I-295/EXIT 46,563,1569
110P04801,I-95,NB,I-95 NB,I-295/EXIT 46,564,1570
110+04803,I-95,NB,I-95 NB,WAGNER RD/EXIT 48,567,1573
110P04803,I-95,NB,I-95 NB,WAGNER RD/EXIT 48,568,1574
110+04804,I-95,NB,I-95 NB,US-460 BUS/COUNTY DR/EXIT 50,569,1575
110P04804,I-95,NB,I-95 NB,US-460 BUS/COUNTY DR/EXIT 50,570,1576
110+04805,I-95,NB,I-95 NB,US-301/CRATER RD/EXIT 50,571,1577
110P04805,I-95,NB,I-95 NB,US-301/CRATER RD/EXIT 50,572,1578
110+04806,I-95,NB,I-95 NB,I-85/US-460/EXIT 51,573,1579
110P04806,I-95,NB,I-95 NB,I-85/US-460/EXIT 51,574,1580
110+04807,I-95,NB,I-95 NB,WYTHE ST,575,1581
110P04807,I-95,NB,I-95 NB,WYTHE ST,576,1582
110+04808,I-95,NB,I-95 NB,US-460 BUS/WASHINGTON ST/EXIT 52,577,1583
110P04808,I-95,NB,I-95 NB,US-460 BUS/WASHINGTON ST/EXIT 52,578,1584
110+04809,I-95,NB,I-95 NB,SOUTHPARK BLVD/EXIT 53,579,1585
110P04809,I-95,NB,I-95 NB,SOUTHPARK BLVD/EXIT 53,580,1586
110+04810,I-95,NB,I-95 NB,VA-144/TEMPLE AVE/EXIT 54,581,1587
110P04810,I-95,NB,I-95 NB,VA-144/TEMPLE AVE/EXIT 54,582,1588
110+04811,I-95,NB,I-95 NB,EXIT 58,583,1589
110P04811,I-95,NB,I-95 NB,EXIT 58,584,1590
110+04812,I-95,NB,I-95 NB,VA-10/EXIT 61,585,1591
110P04812,I-95,NB,I-95 NB,VA-10/EXIT 61,586,1592
110+04813,I-95,NB,I-95 NB,VA-288/EXIT 62,587,1593
110P04813,I-95,NB,I-95 NB,VA-288/EXIT 62,588,1594
110+04814,I-95,NB,I-95 NB,WILLIS RD/EXIT 64,589,1595
110P04814,I-95,NB,I-95 NB,WILLIS RD/EXIT 64,590,1596
110+04815,I-95,NB,I-95 NB,VA-150/CHIPPENHAM PKWY/EXIT 67,591,1597
110P04815,I-95,NB,I-95 NB,VA-150/CHIPPENHAM PKWY/EXIT 67,592,1598
110+04816,I-95,NB,I-95 NB,EXIT 69,593,1599
110P04816,I-95,NB,I-95 NB,EXIT 69,594,1600
110+04817,I-95,NB,I-95 NB,MAURY ST/EXIT 73,595,1601
110P04817,I-95,NB,I-95 NB,MAURY ST/EXIT 73,596,1602
110+04818,I-95,NB,I-95 NB,I-195/DOWNTOWN EXPY/EXIT 74,597,1603
110P04818,I-95,NB,I-95 NB,I-195/DOWNTOWN EXPY/EXIT 74,598,1604
110+04819,I-95,NB,I-95 NB,FRANKLIN ST/EXIT 74,599,1605
110P04819,I-95,NB,I-95 NB,FRANKLIN ST/EXIT 74,600,1606
110+04820,I-95,NB,I-95 NB,VA-33/BROAD ST/EXIT 74,601,1607
110P04820,I-95,NB,I-95 NB,VA-33/BROAD ST/EXIT 74,602,1608
110+04821,I-95,NB,I-95 NB,I-64/7TH ST/EXIT 75,603,1609
110P04821,I-95,NB,I-95 NB,I-64/7TH ST/EXIT 75,604,1610
110+04785,I-95,NB,I-95 NB,VA-161/HERMITAGE RD/EXIT 80,615,1611
110P04784,I-95,NB,I-95 NB,I-64/I-195/EXIT 79,615.001,1612
110P04785,I-95,NB,I-95 NB,VA-161/HERMITAGE RD/EXIT 80,616,1613
110+04786,I-95,NB,I-95 NB,US-1/EXIT 81,617,1614
110P04786,I-95,NB,I-95 NB,US-1/EXIT 81,618,1615
110+04787,I-95,NB,I-95 NB,US-301/CHAMBERLAYNE RD/EXIT 82,619,1616
110P04787,I-95,NB,I-95 NB,US-301/CHAMBERLAYNE RD/EXIT 82,620,1617
110+04788,I-95,NB,I-95 NB,PARHAM RD/EXIT 83,621,1618
110P04788,I-95,NB,I-95 NB,PARHAM RD/EXIT 83,622,1619
110+04789,I-95,NB,I-95 NB,I-295/EXIT 84,623,1620
110P04789,I-95,NB,I-95 NB,I-295/EXIT 84,624,1621
110+04790,I-95,NB,I-95 NB,VA-656/EXIT 86,625,1622
110P04790,I-95,NB,I-95 NB,VA-656/EXIT 86,626,1623
110+05379,I-95,NB,I-95 NB,LEWISTOWN RD/EXIT 89,627,1624
110P05379,I-95,NB,I-95 NB,LEWISTOWN RD/EXIT 89,628,1625
110+05380,I-95,NB,I-95 NB,VA-54/EXIT 92,629,1626
110P05380,I-95,NB,I-95 NB,VA-54/EXIT 92,630,1627
110+05381,I-95,NB,I-95 NB,VA-30/EXIT 98,631,1628
110P05381,I-95,NB,I-95 NB,VA-30/EXIT 98,632,1629
110+05382,I-95,NB,I-95 NB,VA-207/EXIT 104,633,1630
110P05382,I-95,NB,I-95 NB,VA-207/EXIT 104,634,1631
110+05383,I-95,NB,I-95 NB,VA-639/EXIT 110,635,1632
110P05383,I-95,NB,I-95 NB,VA-639/EXIT 110,636,1633
110+05384,I-95,NB,I-95 NB,CAROLINE--SPOTSYLVANIA COUNTY BORDER,637,1634
110+05390,I-95,NB,I-95 NB,VA-606/EXIT 118,638,1637
110P05390,I-95,NB,I-95 NB,VA-606/EXIT 118,639,1638
110+04925,I-95,NB,I-95 NB,US-17/US-1/EXIT 126,640,1639
110P04925,I-95,NB,I-95 NB,US-17/US-1/EXIT 126,641,1640
110+04926,I-95,NB,I-95 NB,VA-3/EXIT 130,642,1641
110P04926,I-95,NB,I-95 NB,VA-3/EXIT 130,643,1642
110+04927,I-95,NB,I-95 NB,FREDERICKSBURG--STAFFORD COUNTY BORDER,644,1643
110+04143,I-95,NB,I-95 NB,US-17/EXIT 133,645,1646
110P04143,I-95,NB,I-95 NB,US-17/EXIT 133,646,1647
110+04144,I-95,NB,I-95 NB,VA-630/EXIT 140,647,1648
110P04144,I-95,NB,I-95 NB,VA-630/EXIT 140,648,1649
110+04145,I-95,NB,I-95 NB,US-1/VA-610/EXIT 143,649,1650
110P04145,I-95,NB,I-95 NB,US-1/VA-610/EXIT 143,650,1651
110+04146,I-95,NB,I-95 NB,RUSSELL RD/EXIT 148,651,1652
110P04146,I-95,NB,I-95 NB,RUSSELL RD/EXIT 148,652,1653
110+04147,I-95,NB,I-95 NB,EXIT 150,653,1654
110P04147,I-95,NB,I-95 NB,EXIT 150,654,1655
110+04148,I-95,NB,I-95 NB,VA-234/EXIT 152,655,1656
110P04148,I-95,NB,I-95 NB,VA-234/EXIT 152,656,1657
110+04149,I-95,NB,I-95 NB,DALE BLVD/SMOKETOWN RD/EB EXIT 156,657,1658
110P04149,I-95,NB,I-95 NB,DALE BLVD/SMOKETOWN RD/EB EXIT 156,658,1659
110+04150,I-95,NB,I-95 NB,OPITZ BLVD,659,1660
110P04150,I-95,NB,I-95 NB,OPITZ BLVD,660,1661
110+04151,I-95,NB,I-95 NB,VA-3000/EXIT 158,661,1662
110P04151,I-95,NB,I-95 NB,VA-3000/EXIT 158,662,1663
110+04152,I-95,NB,I-95 NB,VA-123/EXIT 160,663,1664
110P04152,I-95,NB,I-95 NB,VA-123/EXIT 160,664,1665
110+04153,I-95,NB,I-95 NB,US-1/EXIT 161,665,1666
110P04153,I-95,NB,I-95 NB,US-1/EXIT 161,666,1667
110+04154,I-95,NB,I-95 NB,EXIT 163,667,1668
110P04154,I-95,NB,I-95 NB,EXIT 163,668,1669
110+04155,I-95,NB,I-95 NB,VA-7100/EXIT 166,669,1670
110P04155,I-95,NB,I-95 NB,VA-7100/EXIT 166,670,1671
110+04156,I-95,NB,I-95 NB,BACKLICK RD/EXIT 167,671,1672
110P04156,I-95,NB,I-95 NB,BACKLICK RD/EXIT 167,672,1673
110+04157,I-95,NB,I-95 NB,VA-7900/EXIT 169,673,1674
110P04157,I-95,NB,I-95 NB,VA-7900/EXIT 169,674,1675
110+04158,I-95,NB,I-95 NB,FRANCONIA RD/EXIT 169,675,1676
110+04159,I-95,NB,I-95 NB,I-395/I-495,676,1678
110-04158,I-95,SB,I-95 SB,FRANCONIA RD/EXIT 169,850,1681
110-04156,I-95,SB,I-95 SB,BACKLICK RD/EXIT 167,853,1685
110N04156,I-95,SB,I-95 SB,BACKLICK RD/EXIT 167,854,1686
110N04155,I-95,SB,I-95 SB,VA-7100/EXIT 166,856,1688
110-04154,I-95,SB,I-95 SB,EXIT 163,857,1689
110N04154,I-95,SB,I-95 SB,EXIT 163,858,1690
110-04153,I-95,SB,I-95 SB,US-1/EXIT 161,859,1691
110N04153,I-95,SB,I-95 SB,US-1/EXIT 161,860,1692
110-04152,I-95,SB,I-95 SB,VA-123/EXIT 160,861,1693
110N04152,I-95,SB,I-95 SB,VA-123/EXIT 160,862,1694
110-04151,I-95,SB,I-95 SB,VA-3000/EXIT 158,863,1695
110N04151,I-95,SB,I-95 SB,VA-3000/EXIT 158,864,1696
110-04150,I-95,SB,I-95 SB,OPITZ BLVD,865,1697
110N04150,I-95,SB,I-95 SB,OPITZ BLVD,866,1698
110-04149,I-95,SB,I-95 SB,DALE BLVD/SMOKETOWN RD/EB EXIT 156,867,1699
110N04149,I-95,SB,I-95 SB,DALE BLVD/SMOKETOWN RD/EB EXIT 156,868,1700
110-04148,I-95,SB,I-95 SB,VA-234/EXIT 152,869,1701
110N04148,I-95,SB,I-95 SB,VA-234/EXIT 152,870,1702
110-04147,I-95,SB,I-95 SB,EXIT 150,871,1703
110N04147,I-95,SB,I-95 SB,EXIT 150,872,1704
110-04146,I-95,SB,I-95 SB,RUSSELL RD/EXIT 148,873,1705
110N04146,I-95,SB,I-95 SB,RUSSELL RD/EXIT 148,874,1706
110-04145,I-95,SB,I-95 SB,US-1/VA-610/EXIT 143,875,1707
110N04145,I-95,SB,I-95 SB,US-1/VA-610/EXIT 143,876,1708
110-04144,I-95,SB,I-95 SB,VA-630/EXIT 140,877,1709
110N04144,I-95,SB,I-95 SB,VA-630/EXIT 140,878,1710
110-04143,I-95,SB,I-95 SB,US-17/EXIT 133,879,1711
110N04143,I-95,SB,I-95 SB,US-17/EXIT 133,880,1712
110-04142,I-95,SB,I-95 SB,FREDERICKSBURG--STAFFORD COUNTY BORDER (FREDERICKSBURG),881,1713
110-04926,I-95,SB,I-95 SB,VA-3/EXIT 130,882,1716
110N04926,I-95,SB,I-95 SB,VA-3/EXIT 130,883,1717
110-04925,I-95,SB,I-95 SB,US-17/US-1/EXIT 126,884,1718
110N04925,I-95,SB,I-95 SB,US-17/US-1/EXIT 126,885,1719
110-05390,I-95,SB,I-95 SB,VA-606/EXIT 118,886,1720
110N05390,I-95,SB,I-95 SB,VA-606/EXIT 118,887,1721
110-05389,I-95,SB,I-95 SB,SPOTSYLVANIA--CAROLINE COUNTY BORDER,888,1722
110-05383,I-95,SB,I-95 SB,VA-639/EXIT 110,889,1725
110N05383,I-95,SB,I-95 SB,VA-639/EXIT 110,890,1726
110-05382,I-95,SB,I-95 SB,VA-207/EXIT 104,891,1727
110N05382,I-95,SB,I-95 SB,VA-207/EXIT 104,892,1728
110-05381,I-95,SB,I-95 SB,VA-30/EXIT 98,893,1729
110N05381,I-95,SB,I-95 SB,VA-30/EXIT 98,894,1730
110-05380,I-95,SB,I-95 SB,VA-54/EXIT 92,895,1731
110N05380,I-95,SB,I-95 SB,VA-54/EXIT 92,896,1732
110-05379,I-95,SB,I-95 SB,LEWISTOWN RD/EXIT 89,897,1733
110N05379,I-95,SB,I-95 SB,LEWISTOWN RD/EXIT 89,898,1734
110-04790,I-95,SB,I-95 SB,VA-656/EXIT 86,899,1735
110N04790,I-95,SB,I-95 SB,VA-656/EXIT 86,900,1736
110-04789,I-95,SB,I-95 SB,I-295/EXIT 84,901,1737
110N04789,I-95,SB,I-95 SB,I-295/EXIT 84,902,1738
110-04788,I-95,SB,I-95 SB,PARHAM RD/EXIT 83,903,1739
110N04788,I-95,SB,I-95 SB,PARHAM RD/EXIT 83,904,1740
110-04787,I-95,SB,I-95 SB,US-301/CHAMBERLAYNE RD/EXIT 82,905,1741
110N04787,I-95,SB,I-95 SB,US-301/CHAMBERLAYNE RD/EXIT 82,906,1742
110-04786,I-95,SB,I-95 SB,US-1/EXIT 81,907,1743
110N04786,I-95,SB,I-95 SB,US-1/EXIT 81,908,1744
110-04785,I-95,SB,I-95 SB,VA-161/HERMITAGE RD/EXIT 80,909,1745
110N04785,I-95,SB,I-95 SB,VA-161/HERMITAGE RD/EXIT 80,910,1746
110-04784,I-95,SB,I-95 SB,I-64/I-195/EXIT 79,911,1747
110N04784,I-95,SB,I-95 SB,I-64/I-195/EXIT 79,911.001,1748
110N04821,I-95,SB,I-95 SB,I-64/7TH ST/EXIT 75,922.1,1749
110-04820,I-95,SB,I-95 SB,VA-33/BROAD ST/EXIT 74,923,1750
110N04820,I-95,SB,I-95 SB,VA-33/BROAD ST/EXIT 74,924,1751
110-04819,I-95,SB,I-95 SB,FRANKLIN ST/EXIT 74,925,1752
110N04819,I-95,SB,I-95 SB,FRANKLIN ST/EXIT 74,926,1753
110-04818,I-95,SB,I-95 SB,I-195/DOWNTOWN EXPY/EXIT 74,927,1754
110N04818,I-95,SB,I-95 SB,I-195/DOWNTOWN EXPY/EXIT 74,928,1755
110-04817,I-95,SB,I-95 SB,MAURY ST/EXIT 73,929,1756
110N04817,I-95,SB,I-95 SB,MAURY ST/EXIT 73,930,1757
110-04816,I-95,SB,I-95 SB,EXIT 69,931,1758
110N04816,I-95,SB,I-95 SB,EXIT 69,932,1759
110-04815,I-95,SB,I-95 SB,VA-150/CHIPPENHAM PKWY/EXIT 67,933,1760
110N04815,I-95,SB,I-95 SB,VA-150/CHIPPENHAM PKWY/EXIT 67,934,1761
110-04814,I-95,SB,I-95 SB,WILLIS RD/EXIT 64,935,1762
110N04814,I-95,SB,I-95 SB,WILLIS RD/EXIT 64,936,1763
110-04813,I-95,SB,I-95 SB,VA-288/EXIT 62,937,1764
110N04813,I-95,SB,I-95 SB,VA-288/EXIT 62,938,1765
110-04812,I-95,SB,I-95 SB,VA-10/EXIT 61,939,1766
110N04812,I-95,SB,I-95 SB,VA-10/EXIT 61,940,1767
110-04811,I-95,SB,I-95 SB,EXIT 58,941,1768
110N04811,I-95,SB,I-95 SB,EXIT 58,942,1769
110-04810,I-95,SB,I-95 SB,VA-144/TEMPLE AVE/EXIT 54,943,1770
110N04810,I-95,SB,I-95 SB,VA-144/TEMPLE AVE/EXIT 54,944,1771
110-04809,I-95,SB,I-95 SB,SOUTHPARK BLVD/EXIT 53,945,1772
110N04809,I-95,SB,I-95 SB,SOUTHPARK BLVD/EXIT 53,946,1773
110-04808,I-95,SB,I-95 SB,US-460 BUS/WASHINGTON ST/EXIT 52,947,1774
110N04808,I-95,SB,I-95 SB,US-460 BUS/WASHINGTON ST/EXIT 52,948,1775
110-04807,I-95,SB,I-95 SB,WYTHE ST,949,1776
110N04807,I-95,SB,I-95 SB,WYTHE ST,950,1777
110-04806,I-95,SB,I-95 SB,I-85/US-460/EXIT 51,951,1778
110N04806,I-95,SB,I-95 SB,I-85/US-460/EXIT 51,952,1779
110-04805,I-95,SB,I-95 SB,US-301/CRATER RD/EXIT 50,953,1780
110N04805,I-95,SB,I-95 SB,US-301/CRATER RD/EXIT 50,954,1781
110-04804,I-95,SB,I-95 SB,US-460 BUS/COUNTY DR/EXIT 50,955,1782
110N04804,I-95,SB,I-95 SB,US-460 BUS/COUNTY DR/EXIT 50,956,1783
110-04803,I-95,SB,I-95 SB,WAGNER RD/EXIT 48,957,1784
110N04803,I-95,SB,I-95 SB,WAGNER RD/EXIT 48,958,1785
110-04802,I-95,SB,I-95 SB,RIVES RD/EXIT 47,959,1786
110-04801,I-95,SB,I-95 SB,I-295/EXIT 46,961,1788
110N04801,I-95,SB,I-95 SB,I-295/EXIT 46,962,1789
110-04800,I-95,SB,I-95 SB,US-301/EXIT 45,963,1790
110N04800,I-95,SB,I-95 SB,US-301/EXIT 45,964,1791
110-04799,I-95,SB,I-95 SB,US-301/VA-35/VA-156/EXIT 41,965,1792
110N04799,I-95,SB,I-95 SB,US-301/VA-35/VA-156/EXIT 41,966,1793
110-04798,I-95,SB,I-95 SB,US-301/EXIT 37,967,1794
110N04798,I-95,SB,I-95 SB,US-301/EXIT 37,968,1795
110-04797,I-95,SB,I-95 SB,PRINCE GEORGE--SUSSEX COUNTY BORDER,969,1796
110-05424,I-95,SB,I-95 SB,EXIT 33,970,1799
110N05424,I-95,SB,I-95 SB,EXIT 33,971,1800
110-05423,I-95,SB,I-95 SB,VA-40/EXIT 31,972,1801
110N05423,I-95,SB,I-95 SB,VA-40/EXIT 31,973,1802
110-05422,I-95,SB,I-95 SB,EXIT 24,974,1803
110N05422,I-95,SB,I-95 SB,EXIT 24,975,1804
110-05421,I-95,SB,I-95 SB,EXIT 20,976,1805
110N05421,I-95,SB,I-95 SB,EXIT 20,977,1806
110-05420,I-95,SB,I-95 SB,US-301/EXIT 17,978,1807
110N05420,I-95,SB,I-95 SB,US-301/EXIT 17,979,1808
110-05419,I-95,SB,I-95 SB,OTTERDAM RD/EXIT 12,980,1809
110N05419,I-95,SB,I-95 SB,OTTERDAM RD/EXIT 12,981,1810
110-05418,I-95,SB,I-95 SB,US-301/EXIT 12,982,1811
110-05417,I-95,SB,I-95 SB,US-58/EXIT 11,983,1813
110N05417,I-95,SB,I-95 SB,US-58/EXIT 11,984,1814
110-05416,I-95,SB,I-95 SB,US-301/EXIT 8,985,1815
110N05416,I-95,SB,I-95 SB,US-301/EXIT 8,986,1816
110-05415,I-95,SB,I-95 SB,EXIT 4,987,1817
110N05415,I-95,SB,I-95 SB,EXIT 4,988,1818
110-05414,I-95,SB,I-95 SB,VA--NC STATE BORDER,989,1820
